index,pattern,Fisher_score,number_subject, number_unique_cdr3,final_score,hla_score,vb_score,expansion_score,length_score,cluster_size_score,type,TcRb,V,J,TcRa,Sample,Freq,HLA-A,HLA-B,HLA-C,HLA-DPA1,HLA-DPB1,HLA-DQA1,HLA-DQB1,HLA-DRB1,HLA-DRB3,HLA-DRB4,HLA-DRB5
1,NYGY,0.0e+00,18,18,5.3e-05,1.0e+00,8.5e-01,1.0e+00,7.4e-01,8.6e-05,motif-NYGY,"CASTLSGGVNYGYTF","TRBV2*01","TRBJ1-2","CAGTGGGNKLTF","171:scRMFh",1.000000,-,-,-,-,-,-,-,-,-,-,-
1,NYGY,0.0e+00,18,18,5.3e-05,1.0e+00,8.5e-01,1.0e+00,7.4e-01,8.6e-05,motif-NYGY,"CASSLSTLSNYGYTF","TRBV7-2*01","TRBJ1-2","NA","568:scRMFh",1.000000,-,-,-,-,-,-,-,-,-,-,-
1,NYGY,0.0e+00,18,18,5.3e-05,1.0e+00,8.5e-01,1.0e+00,7.4e-01,8.6e-05,motif-NYGY,"CASSTGRDNYGYTF","TRBV2*01","TRBJ1-2","NA","615:scRMFh",1.000000,-,-,-,-,-,-,-,-,-,-,-
1,NYGY,0.0e+00,18,18,5.3e-05,1.0e+00,8.5e-01,1.0e+00,7.4e-01,8.6e-05,motif-NYGY,"CASSRSIFVNYGYTF","TRBV7-8*01","TRBJ1-2","CAVENRGNDMRF","287:scRMFh",1.000000,-,-,-,-,-,-,-,-,-,-,-
1,NYGY,0.0e+00,18,18,5.3e-05,1.0e+00,8.5e-01,1.0e+00,7.4e-01,8.6e-05,motif-NYGY,"CASPGRTTNYGYTF","TRBV2*01","TRBJ1-2","CAVPAGAGGTSYGKLTF","341:scRMFh",1.000000,-,-,-,-,-,-,-,-,-,-,-
1,NYGY,0.0e+00,18,18,5.3e-05,1.0e+00,8.5e-01,1.0e+00,7.4e-01,8.6e-05,motif-NYGY,"CASSYWSSSNYGYTF","TRBV6-2*01","TRBJ1-2","CAVGGFGNVLHC","295:scRMFh",1.000000,-,-,-,-,-,-,-,-,-,-,-
1,NYGY,0.0e+00,18,18,5.3e-05,1.0e+00,8.5e-01,1.0e+00,7.4e-01,8.6e-05,motif-NYGY,"CSAQGRAGANYGYTF","TRBV20-1*01","TRBJ1-2","CLVASNRDDKIIF","452:scRMFh",1.000000,-,-,-,-,-,-,-,-,-,-,-
1,NYGY,0.0e+00,18,18,5.3e-05,1.0e+00,8.5e-01,1.0e+00,7.4e-01,8.6e-05,motif-NYGY,"CSVDQGNAKANYGYTF","TRBV29-1*01","TRBJ1-2","CAASKGYKLSF","92:scRMFh",1.000000,-,-,-,-,-,-,-,-,-,-,-
1,NYGY,0.0e+00,18,18,5.3e-05,1.0e+00,8.5e-01,1.0e+00,7.4e-01,8.6e-05,motif-NYGY,"CASSATIGGNYGYTF","TRBV10-2*01","TRBJ1-2","NA","519:scRMFh",1.000000,-,-,-,-,-,-,-,-,-,-,-
1,NYGY,0.0e+00,18,18,5.3e-05,1.0e+00,8.5e-01,1.0e+00,7.4e-01,8.6e-05,motif-NYGY,"CSAVDSWSNYGYTF","TRBV20-1*01","TRBJ1-2","CAFMRSNARLMF","139:scRMFh",1.000000,-,-,-,-,-,-,-,-,-,-,-
1,NYGY,0.0e+00,18,18,5.3e-05,1.0e+00,8.5e-01,1.0e+00,7.4e-01,8.6e-05,motif-NYGY,"CASSLPANYGYTF","TRBV12-3*01","TRBJ1-2","CAASSLTDSWGKLQF","100:scRMFh",1.000000,-,-,-,-,-,-,-,-,-,-,-
1,NYGY,0.0e+00,18,18,5.3e-05,1.0e+00,8.5e-01,1.0e+00,7.4e-01,8.6e-05,motif-NYGY,"CASRGSAHRVNYGYTF","TRBV28*01","TRBJ1-2","CAGLGGGADGLTF","159:scRMFh",1.000000,-,-,-,-,-,-,-,-,-,-,-
1,NYGY,0.0e+00,18,18,5.3e-05,1.0e+00,8.5e-01,1.0e+00,7.4e-01,8.6e-05,motif-NYGY,"CASSVGVGPTPNYGYTF","TRBV9*01","TRBJ1-2","NA","618:scRMFh",1.000000,-,-,-,-,-,-,-,-,-,-,-
1,NYGY,0.0e+00,18,18,5.3e-05,1.0e+00,8.5e-01,1.0e+00,7.4e-01,8.6e-05,motif-NYGY,"CASTTFGGGVNYGYTF","TRBV7-8*01","TRBJ1-2","CAGTGAGNMLTF","170:scRMFh",1.000000,-,-,-,-,-,-,-,-,-,-,-
1,NYGY,0.0e+00,18,18,5.3e-05,1.0e+00,8.5e-01,1.0e+00,7.4e-01,8.6e-05,motif-NYGY,"CASSLALTGDNYGYTF","TRBV11-2*01","TRBJ1-2","NA","52:scRMFaml",1.000000,-,-,-,-,-,-,-,-,-,-,-
1,NYGY,0.0e+00,18,18,5.3e-05,1.0e+00,8.5e-01,1.0e+00,7.4e-01,8.6e-05,motif-NYGY,"CASSLGNYGYTF","TRBV7-8*01","TRBJ1-2","NA","558:scRMFh",1.000000,-,-,-,-,-,-,-,-,-,-,-
1,NYGY,0.0e+00,18,18,5.3e-05,1.0e+00,8.5e-01,1.0e+00,7.4e-01,8.6e-05,motif-NYGY,"CASSSLGQGDGGNYGYTF","TRBV12-4*01","TRBJ1-2","CEVTDNYGQNFVF","425:scRMFh",1.000000,-,-,-,-,-,-,-,-,-,-,-
1,NYGY,0.0e+00,18,18,5.3e-05,1.0e+00,8.5e-01,1.0e+00,7.4e-01,8.6e-05,motif-NYGY,"CASSLRAGFKILNYGYTF","TRBV27*01","TRBJ1-2","CAGAEGRSDKIIF","142:scRMFh",1.000000,-,-,-,-,-,-,-,-,-,-,-

2,YEQ,0.0e+00,100,99,3.9e-06,1.0e+00,1.0e+00,8.8e-01,4.5e-01,1.0e-05,motif-YEQ,"CASSELGPYEQYF","TRBV25-1*01","TRBJ2-7","CASSFTDKLIF","265:scRMFh",1.000000,-,-,-,-,-,-,-,-,-,-,-
2,YEQ,0.0e+00,100,99,3.9e-06,1.0e+00,1.0e+00,8.8e-01,4.5e-01,1.0e-05,motif-YEQ,"CSARGTSKIYEQYF","TRBV20-1*01","TRBJ2-7","CAMSSDFGNEKLTF","243:scRMFh",1.000000,-,-,-,-,-,-,-,-,-,-,-
2,YEQ,0.0e+00,100,99,3.9e-06,1.0e+00,1.0e+00,8.8e-01,4.5e-01,1.0e-05,motif-YEQ,"CASSFRGLYEQYV","TRBV28*01","TRBJ2-7","CAVISSGGSYIPTF","311:scRMFh",1.000000,-,-,-,-,-,-,-,-,-,-,-
2,YEQ,0.0e+00,100,99,3.9e-06,1.0e+00,1.0e+00,8.8e-01,4.5e-01,1.0e-05,motif-YEQ,"CASSISRTYEQYF","TRBV12-3*01","TRBJ2-7","NA","547:scRMFh",1.000000,-,-,-,-,-,-,-,-,-,-,-
2,YEQ,0.0e+00,100,99,3.9e-06,1.0e+00,1.0e+00,8.8e-01,4.5e-01,1.0e-05,motif-YEQ,"CASIGHYSYEQYF","TRBV7-9*03","TRBJ2-7","CIVRVDPIIQGAQKLVF","445:scRMFh",1.000000,-,-,-,-,-,-,-,-,-,-,-
2,YEQ,0.0e+00,100,99,3.9e-06,1.0e+00,1.0e+00,8.8e-01,4.5e-01,1.0e-05,motif-YEQ,"CSARDKAGGLYEQYF","TRBV20-1*01","TRBJ2-7","CALPYSGGGADGLTF","186:scRMFh",1.000000,-,-,-,-,-,-,-,-,-,-,-
2,YEQ,0.0e+00,100,99,3.9e-06,1.0e+00,1.0e+00,8.8e-01,4.5e-01,1.0e-05,motif-YEQ,"CASSPRIDSYEQYF","TRBV7-9*01","TRBJ2-7","CATDALMGTYKYIF","269:scRMFh",1.000000,-,-,-,-,-,-,-,-,-,-,-
2,YEQ,0.0e+00,100,99,3.9e-06,1.0e+00,1.0e+00,8.8e-01,4.5e-01,1.0e-05,motif-YEQ,"CASSYRSYEQYF","TRBV28*01","TRBJ2-7","NA","623:scRMFh",1.000000,-,-,-,-,-,-,-,-,-,-,-
2,YEQ,0.0e+00,100,99,3.9e-06,1.0e+00,1.0e+00,8.8e-01,4.5e-01,1.0e-05,motif-YEQ,"CASREGYEQYF","TRBV6-2*01","TRBJ2-7","NA","512:scRMFh",1.000000,-,-,-,-,-,-,-,-,-,-,-
2,YEQ,0.0e+00,100,99,3.9e-06,1.0e+00,1.0e+00,8.8e-01,4.5e-01,1.0e-05,motif-YEQ,"CASSYGQGGYEQYF","TRBV6-5*01","TRBJ2-7","CAVGPIPRNDYNTNAGKSTF","303:scRMFh",1.000000,-,-,-,-,-,-,-,-,-,-,-
2,YEQ,0.0e+00,100,99,3.9e-06,1.0e+00,1.0e+00,8.8e-01,4.5e-01,1.0e-05,motif-YEQ,"CASSIGTGSYEQYF","TRBV19*01","TRBJ2-7","NA","545:scRMFh",1.000000,-,-,-,-,-,-,-,-,-,-,-
2,YEQ,0.0e+00,100,99,3.9e-06,1.0e+00,1.0e+00,8.8e-01,4.5e-01,1.0e-05,motif-YEQ,"CASSLTSASSYEQYV","TRBV27*01","TRBJ2-7","CGTEMVSGYNQGGKLIF","36:scRMFaml",1.000000,-,-,-,-,-,-,-,-,-,-,-
2,YEQ,0.0e+00,100,99,3.9e-06,1.0e+00,1.0e+00,8.8e-01,4.5e-01,1.0e-05,motif-YEQ,"CASSEGPVYEQYF","TRBV6-2*01","TRBJ2-7","CLVDGAARLMF","453:scRMFh",1.000000,-,-,-,-,-,-,-,-,-,-,-
2,YEQ,0.0e+00,100,99,3.9e-06,1.0e+00,1.0e+00,8.8e-01,4.5e-01,1.0e-05,motif-YEQ,"CASSMGLGLYEQYF","TRBV19*01","TRBJ2-7","CAVNSNSGNTPLVF","335:scRMFh",1.000000,-,-,-,-,-,-,-,-,-,-,-
2,YEQ,0.0e+00,100,99,3.9e-06,1.0e+00,1.0e+00,8.8e-01,4.5e-01,1.0e-05,motif-YEQ,"CASSQAPGGYEQYF","TRBV3-1*01","TRBJ2-7","NA","591:scRMFh",1.000000,-,-,-,-,-,-,-,-,-,-,-
2,YEQ,0.0e+00,100,99,3.9e-06,1.0e+00,1.0e+00,8.8e-01,4.5e-01,1.0e-05,motif-YEQ,"CASSLAGSYEQYF","TRBV12-4*01","TRBJ2-7","NA","551:scRMFh",1.000000,-,-,-,-,-,-,-,-,-,-,-
2,YEQ,0.0e+00,100,99,3.9e-06,1.0e+00,1.0e+00,8.8e-01,4.5e-01,1.0e-05,motif-YEQ,"CSAIAGTSAYEQYF","TRBV29-1*01","TRBJ2-7","CAATGGGADGLTF","105:scRMFh",1.000000,-,-,-,-,-,-,-,-,-,-,-
2,YEQ,0.0e+00,100,99,3.9e-06,1.0e+00,1.0e+00,8.8e-01,4.5e-01,1.0e-05,motif-YEQ,"CASSSESWYEQFF","TRBV5-4*01","TRBJ2-1",NA,"2078:GielisHealthy",1.000000,-,-,-,-,-,-,-,-,-,-,-
2,YEQ,0.0e+00,100,99,3.9e-06,1.0e+00,1.0e+00,8.8e-01,4.5e-01,1.0e-05,motif-YEQ,"CASSPAAGGFYEQYF","TRBV7-2*01","TRBJ2-7","NA","577:scRMFh",1.000000,-,-,-,-,-,-,-,-,-,-,-
2,YEQ,0.0e+00,100,99,3.9e-06,1.0e+00,1.0e+00,8.8e-01,4.5e-01,1.0e-05,motif-YEQ,"CASSLVDTSYEQYF","TRBV27*01","TRBJ2-7","NA","570:scRMFh",2.000000,-,-,-,-,-,-,-,-,-,-,-
2,YEQ,0.0e+00,100,99,3.9e-06,1.0e+00,1.0e+00,8.8e-01,4.5e-01,1.0e-05,motif-YEQ,"CASREGQSYEQYF","TRBV6-1*01","TRBJ2-7","NA","511:scRMFh",1.000000,-,-,-,-,-,-,-,-,-,-,-
2,YEQ,0.0e+00,100,99,3.9e-06,1.0e+00,1.0e+00,8.8e-01,4.5e-01,1.0e-05,motif-YEQ,"CSARDAGYYEQYF","TRBV20-1*01","TRBJ2-7","CAENPTQGAQKLVF","120:scRMFh",1.000000,-,-,-,-,-,-,-,-,-,-,-
2,YEQ,0.0e+00,100,99,3.9e-06,1.0e+00,1.0e+00,8.8e-01,4.5e-01,1.0e-05,motif-YEQ,"CASKEGLSSYEQYF","TRBV19*01","TRBJ2-7","NA","506:scRMFh",1.000000,-,-,-,-,-,-,-,-,-,-,-
2,YEQ,0.0e+00,100,99,3.9e-06,1.0e+00,1.0e+00,8.8e-01,4.5e-01,1.0e-05,motif-YEQ,"CASSHAVGSYEQYF","TRBV3-1*01","TRBJ2-7","CAAPWMDSSYKLIF","2:scRMFaml",1.000000,-,-,-,-,-,-,-,-,-,-,-
2,YEQ,0.0e+00,100,99,3.9e-06,1.0e+00,1.0e+00,8.8e-01,4.5e-01,1.0e-05,motif-YEQ,"CVSSFEGGYEQSF","TRBV5-4*01","TRBJ2-1",NA,"2079:GielisHealthy",1.000000,-,-,-,-,-,-,-,-,-,-,-
2,YEQ,0.0e+00,100,99,3.9e-06,1.0e+00,1.0e+00,8.8e-01,4.5e-01,1.0e-05,motif-YEQ,"CASSRGQGRYEQYF","TRBV4-3*01","TRBJ2-7",NA,"2010:GielisHealthy",1.000000,-,-,-,-,-,-,-,-,-,-,-
2,YEQ,0.0e+00,100,99,3.9e-06,1.0e+00,1.0e+00,8.8e-01,4.5e-01,1.0e-05,motif-YEQ,"CASSLVGSGGYEQYV","TRBV27*01","TRBJ2-7","CAFIRRTGANNLFF","135:scRMFh",1.000000,-,-,-,-,-,-,-,-,-,-,-
2,YEQ,0.0e+00,100,99,3.9e-06,1.0e+00,1.0e+00,8.8e-01,4.5e-01,1.0e-05,motif-YEQ,"CASSSGALSSYEQYF","TRBV7-9*01","TRBJ2-7","CAVIGLDSSYKLIF","25:scRMFaml",1.000000,-,-,-,-,-,-,-,-,-,-,-
2,YEQ,0.0e+00,100,99,3.9e-06,1.0e+00,1.0e+00,8.8e-01,4.5e-01,1.0e-05,motif-YEQ,"CASSQDRLNYEQYF","TRBV4-3*01","TRBJ2-7","CALSSTGNQFYF","214:scRMFh",1.000000,-,-,-,-,-,-,-,-,-,-,-
2,YEQ,0.0e+00,100,99,3.9e-06,1.0e+00,1.0e+00,8.8e-01,4.5e-01,1.0e-05,motif-YEQ,"CASSLGVAYEQYF","TRBV27*01","TRBJ2-7","CAPPGGTSYGKLTF","255:scRMFh",1.000000,-,-,-,-,-,-,-,-,-,-,-
2,YEQ,0.0e+00,100,99,3.9e-06,1.0e+00,1.0e+00,8.8e-01,4.5e-01,1.0e-05,motif-YEQ,"CASSGPGTSGYEQYF","TRBV9*01","TRBJ2-7","CAASDGGSNYKLTF","87:scRMFh",1.000000,-,-,-,-,-,-,-,-,-,-,-
2,YEQ,0.0e+00,100,99,3.9e-06,1.0e+00,1.0e+00,8.8e-01,4.5e-01,1.0e-05,motif-YEQ,"CASSPGQAYEQYF","TRBV13*01","TRBJ2-7","CAARMNRDDKIIF","80:scRMFh",1.000000,-,-,-,-,-,-,-,-,-,-,-
2,YEQ,0.0e+00,100,99,3.9e-06,1.0e+00,1.0e+00,8.8e-01,4.5e-01,1.0e-05,motif-YEQ,"CASSPQGYEQYF","TRBV18*01","TRBJ2-7","CVVSEATDSWGKLQF","45:scRMFaml",1.000000,-,-,-,-,-,-,-,-,-,-,-
2,YEQ,0.0e+00,100,99,3.9e-06,1.0e+00,1.0e+00,8.8e-01,4.5e-01,1.0e-05,motif-YEQ,"CASSRTGLRSYEQYF","TRBV11-2*01","TRBJ2-7","NA","607:scRMFh",1.000000,-,-,-,-,-,-,-,-,-,-,-
2,YEQ,0.0e+00,100,99,3.9e-06,1.0e+00,1.0e+00,8.8e-01,4.5e-01,1.0e-05,motif-YEQ,"CASSLRLAYEQYF","TRBV27*01","TRBJ2-7","NA","565:scRMFh",1.000000,-,-,-,-,-,-,-,-,-,-,-
2,YEQ,0.0e+00,100,99,3.9e-06,1.0e+00,1.0e+00,8.8e-01,4.5e-01,1.0e-05,motif-YEQ,"CSVEVTDYEQYF","TRBV29-1*01","TRBJ2-7","CAGIGAGKSTF","155:scRMFh",1.000000,-,-,-,-,-,-,-,-,-,-,-
2,YEQ,0.0e+00,100,99,3.9e-06,1.0e+00,1.0e+00,8.8e-01,4.5e-01,1.0e-05,motif-YEQ,"CASSIRTGGSYEQYF","TRBV4-1*01","TRBJ2-7","CAVRGLSGGGADGLTF","366:scRMFh",1.000000,-,-,-,-,-,-,-,-,-,-,-
2,YEQ,0.0e+00,100,99,3.9e-06,1.0e+00,1.0e+00,8.8e-01,4.5e-01,1.0e-05,motif-YEQ,"CASSLVGSRYEQYF","TRBV27*01","TRBJ2-7","NA","571:scRMFh",1.000000,-,-,-,-,-,-,-,-,-,-,-
2,YEQ,0.0e+00,100,99,3.9e-06,1.0e+00,1.0e+00,8.8e-01,4.5e-01,1.0e-05,motif-YEQ,"CASSHRSSYEQYF","TRBV6-1*01","TRBJ2-7","CAAIWAGKLIF","67:scRMFh",2.000000,-,-,-,-,-,-,-,-,-,-,-
2,YEQ,0.0e+00,100,99,3.9e-06,1.0e+00,1.0e+00,8.8e-01,4.5e-01,1.0e-05,motif-YEQ,"CASSLRRACYEQYF","TRBV4-2*01","TRBJ2-7","CAFMKPPQTSGSRLTF","138:scRMFh",1.000000,-,-,-,-,-,-,-,-,-,-,-
2,YEQ,0.0e+00,100,99,3.9e-06,1.0e+00,1.0e+00,8.8e-01,4.5e-01,1.0e-05,motif-YEQ,"CASSGTRSYEQYF","TRBV7-9*03","TRBJ2-7","CAMRGARLMF","237:scRMFh",1.000000,-,-,-,-,-,-,-,-,-,-,-
2,YEQ,0.0e+00,100,99,3.9e-06,1.0e+00,1.0e+00,8.8e-01,4.5e-01,1.0e-05,motif-YEQ,"CASSVGNSFHYEQYF","TRBV9*01","TRBJ2-7","CAGSNYKLTF","169:scRMFh",1.000000,-,-,-,-,-,-,-,-,-,-,-
2,YEQ,0.0e+00,100,99,3.9e-06,1.0e+00,1.0e+00,8.8e-01,4.5e-01,1.0e-05,motif-YEQ,"CSVEEGVHSYEQYF","TRBV29-1*01","TRBJ2-7","CVVNMGTGRRALTF","478:scRMFh",1.000000,-,-,-,-,-,-,-,-,-,-,-
2,YEQ,0.0e+00,100,99,3.9e-06,1.0e+00,1.0e+00,8.8e-01,4.5e-01,1.0e-05,motif-YEQ,"CASSSPTSGSYEQYF","TRBV6-2*01","TRBJ2-7","NA","613:scRMFh",1.000000,-,-,-,-,-,-,-,-,-,-,-
2,YEQ,0.0e+00,100,99,3.9e-06,1.0e+00,1.0e+00,8.8e-01,4.5e-01,1.0e-05,motif-YEQ,"CASSGTVYEQYF","TRBV7-2*01","TRBJ2-7","CAGHSGTYKYIF","154:scRMFh",1.000000,-,-,-,-,-,-,-,-,-,-,-
2,YEQ,0.0e+00,100,99,3.9e-06,1.0e+00,1.0e+00,8.8e-01,4.5e-01,1.0e-05,motif-YEQ,"CASSPLDSLGYEQYF","TRBV27*01","TRBJ2-7","CLVGDILGGYQKVTF","458:scRMFh",1.000000,-,-,-,-,-,-,-,-,-,-,-
2,YEQ,0.0e+00,100,99,3.9e-06,1.0e+00,1.0e+00,8.8e-01,4.5e-01,1.0e-05,motif-YEQ,"CASSFESGYEQFF","TRBV5-4*01","TRBJ2-1",NA,"2003:GielisHealthy",1.000000,-,-,-,-,-,-,-,-,-,-,-
2,YEQ,0.0e+00,100,99,3.9e-06,1.0e+00,1.0e+00,8.8e-01,4.5e-01,1.0e-05,motif-YEQ,"CAWEQGSYEQYF","TRBV30*01","TRBJ2-7","CATAVNSGYSTLTF","268:scRMFh",1.000000,-,-,-,-,-,-,-,-,-,-,-
2,YEQ,0.0e+00,100,99,3.9e-06,1.0e+00,1.0e+00,8.8e-01,4.5e-01,1.0e-05,motif-YEQ,"CASSSASGLVYEQFF","TRBV13*01","TRBJ2-1","CAGQDYGGATNKLIF","163:scRMFh",1.000000,-,-,-,-,-,-,-,-,-,-,-
2,YEQ,0.0e+00,100,99,3.9e-06,1.0e+00,1.0e+00,8.8e-01,4.5e-01,1.0e-05,motif-YEQ,"CASSPGTNYEQYF","TRBV4-1*01","TRBJ2-7","CAVSDRTSGGYQKVTF","383:scRMFh",1.000000,-,-,-,-,-,-,-,-,-,-,-
2,YEQ,0.0e+00,100,99,3.9e-06,1.0e+00,1.0e+00,8.8e-01,4.5e-01,1.0e-05,motif-YEQ,"CASSLGTAHSYEQYF","TRBV5-4*01","TRBJ2-7","CAVSDDFGNEKLTF","381:scRMFh",1.000000,-,-,-,-,-,-,-,-,-,-,-
2,YEQ,0.0e+00,100,99,3.9e-06,1.0e+00,1.0e+00,8.8e-01,4.5e-01,1.0e-05,motif-YEQ,"CASRPTISSYEQYF","TRBV6-5*01","TRBJ2-7","CAEKGSASKIIF","113:scRMFh",1.000000,-,-,-,-,-,-,-,-,-,-,-
2,YEQ,0.0e+00,100,99,3.9e-06,1.0e+00,1.0e+00,8.8e-01,4.5e-01,1.0e-05,motif-YEQ,"CASSLAPGGSYEQYF","TRBV5-7*01","TRBJ2-7",NA,"2047:GielisHealthy",1.000000,-,-,-,-,-,-,-,-,-,-,-
2,YEQ,0.0e+00,100,99,3.9e-06,1.0e+00,1.0e+00,8.8e-01,4.5e-01,1.0e-05,motif-YEQ,"CASSYTNSYEQYF","TRBV6-2*01","TRBJ2-7","CAVNEAGGFKTIF","326:scRMFh",1.000000,-,-,-,-,-,-,-,-,-,-,-
2,YEQ,0.0e+00,100,99,3.9e-06,1.0e+00,1.0e+00,8.8e-01,4.5e-01,1.0e-05,motif-YEQ,"CASSLDRDYEQYF","TRBV18*01","TRBJ2-7",NA,"2056:GielisHealthy",1.000000,-,-,-,-,-,-,-,-,-,-,-
2,YEQ,0.0e+00,100,99,3.9e-06,1.0e+00,1.0e+00,8.8e-01,4.5e-01,1.0e-05,motif-YEQ,"CASSYGASASYEQYF","TRBV6-5*01","TRBJ2-7","CAVTSSGGYNKLIF","402:scRMFh",1.000000,-,-,-,-,-,-,-,-,-,-,-
2,YEQ,0.0e+00,100,99,3.9e-06,1.0e+00,1.0e+00,8.8e-01,4.5e-01,1.0e-05,motif-YEQ,"CASSVGGYEQYF","TRBV6-1*01","TRBJ2-7","CAVAPPNDYKLSF","279:scRMFh",1.000000,-,-,-,-,-,-,-,-,-,-,-
2,YEQ,0.0e+00,100,99,3.9e-06,1.0e+00,1.0e+00,8.8e-01,4.5e-01,1.0e-05,motif-YEQ,"CASSLRDLGSYEQYF","TRBV5-5*02","TRBJ2-7","NA","564:scRMFh",1.000000,-,-,-,-,-,-,-,-,-,-,-
2,YEQ,0.0e+00,100,99,3.9e-06,1.0e+00,1.0e+00,8.8e-01,4.5e-01,1.0e-05,motif-YEQ,"CASRGEGRGYEQYF","TRBV28*01","TRBJ2-7","CVVIEGGRRALTF","471:scRMFh",1.000000,-,-,-,-,-,-,-,-,-,-,-
2,YEQ,0.0e+00,100,99,3.9e-06,1.0e+00,1.0e+00,8.8e-01,4.5e-01,1.0e-05,motif-YEQ,"CASSQETLYEQYF","TRBV4-2*01","TRBJ2-7","NA","594:scRMFh",1.000000,-,-,-,-,-,-,-,-,-,-,-
2,YEQ,0.0e+00,100,99,3.9e-06,1.0e+00,1.0e+00,8.8e-01,4.5e-01,1.0e-05,motif-YEQ,"CASASGPYEQYF","TRBV27*01","TRBJ2-7","NA","497:scRMFh",1.000000,-,-,-,-,-,-,-,-,-,-,-
2,YEQ,0.0e+00,100,99,3.9e-06,1.0e+00,1.0e+00,8.8e-01,4.5e-01,1.0e-05,motif-YEQ,"CSVIRDVNYEQYF","TRBV29-1*01","TRBJ2-7","CAGGDKAAGNKLTF","151:scRMFh",1.000000,-,-,-,-,-,-,-,-,-,-,-
2,YEQ,0.0e+00,100,99,3.9e-06,1.0e+00,1.0e+00,8.8e-01,4.5e-01,1.0e-05,motif-YEQ,"CASSLSDRDYEQYF","TRBV5-4*01","TRBJ2-7","CAVSELRDTDKLIF","385:scRMFh",1.000000,-,-,-,-,-,-,-,-,-,-,-
2,YEQ,0.0e+00,100,99,3.9e-06,1.0e+00,1.0e+00,8.8e-01,4.5e-01,1.0e-05,motif-YEQ,"CASSLAGVGYEQYV","TRBV11-1*01","TRBJ2-7","NA","552:scRMFh",1.000000,-,-,-,-,-,-,-,-,-,-,-
2,YEQ,0.0e+00,100,99,3.9e-06,1.0e+00,1.0e+00,8.8e-01,4.5e-01,1.0e-05,motif-YEQ,"CASNAGGVYEQFF","TRBV2*01","TRBJ2-1","CAGAKNAGNMLTF","144:scRMFh",1.000000,-,-,-,-,-,-,-,-,-,-,-
2,YEQ,0.0e+00,100,99,3.9e-06,1.0e+00,1.0e+00,8.8e-01,4.5e-01,1.0e-05,motif-YEQ,"CASSLGLSYEQYF","TRBV12-4*01","TRBJ2-7","CAVGSNEKLTF","307:scRMFh",1.000000,-,-,-,-,-,-,-,-,-,-,-
2,YEQ,0.0e+00,100,99,3.9e-06,1.0e+00,1.0e+00,8.8e-01,4.5e-01,1.0e-05,motif-YEQ,"CASSLEASSSYEQYF","TRBV7-6*01","TRBJ2-7","CALSEAQRGAQKLVF","198:scRMFh",1.000000,-,-,-,-,-,-,-,-,-,-,-
2,YEQ,0.0e+00,100,99,3.9e-06,1.0e+00,1.0e+00,8.8e-01,4.5e-01,1.0e-05,motif-YEQ,"CASSYSGQGAYEQYF","TRBV6-2*01","TRBJ2-7","CAGEGTYKYIF","149:scRMFh",1.000000,-,-,-,-,-,-,-,-,-,-,-
2,YEQ,0.0e+00,100,99,3.9e-06,1.0e+00,1.0e+00,8.8e-01,4.5e-01,1.0e-05,motif-YEQ,"CASTRTGVSYEQYF","TRBV19*01","TRBJ2-7","CAMTSYSSASKIIF","246:scRMFh",1.000000,-,-,-,-,-,-,-,-,-,-,-
2,YEQ,0.0e+00,100,99,3.9e-06,1.0e+00,1.0e+00,8.8e-01,4.5e-01,1.0e-05,motif-YEQ,"CASSYGGWDTYEQYF","TRBV6-6*02","TRBJ2-7","CAVTRESGGYQKVTF","400:scRMFh",1.000000,-,-,-,-,-,-,-,-,-,-,-
2,YEQ,0.0e+00,100,99,3.9e-06,1.0e+00,1.0e+00,8.8e-01,4.5e-01,1.0e-05,motif-YEQ,"CASSFGDRGLYEQYF","TRBV11-1*01","TRBJ2-7",NA,"2011:GielisHealthy",1.000000,-,-,-,-,-,-,-,-,-,-,-
2,YEQ,0.0e+00,100,99,3.9e-06,1.0e+00,1.0e+00,8.8e-01,4.5e-01,1.0e-05,motif-YEQ,"CASSRDFSYEQYF","TRBV28*01","TRBJ2-7","NA","604:scRMFh",1.000000,-,-,-,-,-,-,-,-,-,-,-
2,YEQ,0.0e+00,100,99,3.9e-06,1.0e+00,1.0e+00,8.8e-01,4.5e-01,1.0e-05,motif-YEQ,"CASTPGPRGYEQYF","TRBV12-3*01","TRBJ2-7","CAFEPSYSGAGSYQLTF","132:scRMFh",1.000000,-,-,-,-,-,-,-,-,-,-,-
2,YEQ,0.0e+00,100,99,3.9e-06,1.0e+00,1.0e+00,8.8e-01,4.5e-01,1.0e-05,motif-YEQ,"CASSLTEDRRYEQYF","TRBV6-5*01","TRBJ2-7","NA","569:scRMFh",1.000000,-,-,-,-,-,-,-,-,-,-,-
2,YEQ,0.0e+00,100,99,3.9e-06,1.0e+00,1.0e+00,8.8e-01,4.5e-01,1.0e-05,motif-YEQ,"CASAGAGGTYEQYF","TRBV9*01","TRBJ2-7","CIVRVAGSARQLTF","442:scRMFh",1.000000,-,-,-,-,-,-,-,-,-,-,-
2,YEQ,0.0e+00,100,99,3.9e-06,1.0e+00,1.0e+00,8.8e-01,4.5e-01,1.0e-05,motif-YEQ,"CASSYGSSYEQYF","TRBV6-2*01","TRBJ2-7","CAPHNNTDKLIF","251:scRMFh",1.000000,-,-,-,-,-,-,-,-,-,-,-
2,YEQ,0.0e+00,100,99,3.9e-06,1.0e+00,1.0e+00,8.8e-01,4.5e-01,1.0e-05,motif-YEQ,"CASSYGSSYEQYF","TRBV6-2*01","TRBJ2-7","NA","621:scRMFh",1.000000,-,-,-,-,-,-,-,-,-,-,-
2,YEQ,0.0e+00,100,99,3.9e-06,1.0e+00,1.0e+00,8.8e-01,4.5e-01,1.0e-05,motif-YEQ,"CASSYAPYEQYF","TRBV28*01","TRBJ2-7","CAYAEGAQKLVF","411:scRMFh",1.000000,-,-,-,-,-,-,-,-,-,-,-
2,YEQ,0.0e+00,100,99,3.9e-06,1.0e+00,1.0e+00,8.8e-01,4.5e-01,1.0e-05,motif-YEQ,"CASGDYRVPLYEQYF","TRBV7-8*01","TRBJ2-7","NA","499:scRMFh",1.000000,-,-,-,-,-,-,-,-,-,-,-
2,YEQ,0.0e+00,100,99,3.9e-06,1.0e+00,1.0e+00,8.8e-01,4.5e-01,1.0e-05,motif-YEQ,"CASSEAIRVGYEQYF","TRBV6-1*01","TRBJ2-7","NA","523:scRMFh",1.000000,-,-,-,-,-,-,-,-,-,-,-
2,YEQ,0.0e+00,100,99,3.9e-06,1.0e+00,1.0e+00,8.8e-01,4.5e-01,1.0e-05,motif-YEQ,"CASSSNRGPYEQYF","TRBV5-1*01","TRBJ2-7","NA","611:scRMFh",1.000000,-,-,-,-,-,-,-,-,-,-,-
2,YEQ,0.0e+00,100,99,3.9e-06,1.0e+00,1.0e+00,8.8e-01,4.5e-01,1.0e-05,motif-YEQ,"CASTPGQGYSAYEQYF","TRBV27*01","TRBJ2-7","CAVTFSSNTGKLIF","395:scRMFh",1.000000,-,-,-,-,-,-,-,-,-,-,-
2,YEQ,0.0e+00,100,99,3.9e-06,1.0e+00,1.0e+00,8.8e-01,4.5e-01,1.0e-05,motif-YEQ,"CASSRLWGQGAYEQYF","TRBV27*01","TRBJ2-7",NA,"2018:GielisHealthy",1.000000,-,-,-,-,-,-,-,-,-,-,-
2,YEQ,0.0e+00,100,99,3.9e-06,1.0e+00,1.0e+00,8.8e-01,4.5e-01,1.0e-05,motif-YEQ,"CASSHFGGTSSYEQYF","TRBV3-1*01","TRBJ2-7","CLVGEGGNTPLVF","40:scRMFaml",1.000000,-,-,-,-,-,-,-,-,-,-,-
2,YEQ,0.0e+00,100,99,3.9e-06,1.0e+00,1.0e+00,8.8e-01,4.5e-01,1.0e-05,motif-YEQ,"CASSTEGLAGAYEQYF","TRBV2*01","TRBJ2-7","CAADNTDKLIF","62:scRMFh",1.000000,-,-,-,-,-,-,-,-,-,-,-
2,YEQ,0.0e+00,100,99,3.9e-06,1.0e+00,1.0e+00,8.8e-01,4.5e-01,1.0e-05,motif-YEQ,"CASSYLGTSGGYEQYF","TRBV6-5*01","TRBJ2-7","CAGQLRGGGADGLTF","165:scRMFh",1.000000,-,-,-,-,-,-,-,-,-,-,-
2,YEQ,0.0e+00,100,99,3.9e-06,1.0e+00,1.0e+00,8.8e-01,4.5e-01,1.0e-05,motif-YEQ,"CASSLLTDRGDYEQYF","TRBV7-9*01","TRBJ2-7","CAVNEDGQKLLF","327:scRMFh",1.000000,-,-,-,-,-,-,-,-,-,-,-
2,YEQ,0.0e+00,100,99,3.9e-06,1.0e+00,1.0e+00,8.8e-01,4.5e-01,1.0e-05,motif-YEQ,"CSVMSSGALASYEQYF","TRBV29-1*01","TRBJ2-7","CALRDGQNFVF","187:scRMFh",1.000000,-,-,-,-,-,-,-,-,-,-,-
2,YEQ,0.0e+00,100,99,3.9e-06,1.0e+00,1.0e+00,8.8e-01,4.5e-01,1.0e-05,motif-YEQ,"CASSLEGRGSSYEQYF","TRBV28*01","TRBJ2-7","CILRVDYGQNFVF","438:scRMFh",1.000000,-,-,-,-,-,-,-,-,-,-,-
2,YEQ,0.0e+00,100,99,3.9e-06,1.0e+00,1.0e+00,8.8e-01,4.5e-01,1.0e-05,motif-YEQ,"CAWSVGAGTIFYEQYF","TRBV30*01","TRBJ2-7",NA,"2015:GielisHealthy",1.000000,-,-,-,-,-,-,-,-,-,-,-
2,YEQ,0.0e+00,100,99,3.9e-06,1.0e+00,1.0e+00,8.8e-01,4.5e-01,1.0e-05,motif-YEQ,"CASSTPGSALSYEQYF","TRBV5-4*01","TRBJ2-7","CAASNDNNARLMF","95:scRMFh",1.000000,-,-,-,-,-,-,-,-,-,-,-
2,YEQ,0.0e+00,100,99,3.9e-06,1.0e+00,1.0e+00,8.8e-01,4.5e-01,1.0e-05,motif-YEQ,"CASSPSSGTGVYEQYF","TRBV9*01","TRBJ2-7","CAVDIMEYGNKLVF","23:scRMFaml",1.000000,-,-,-,-,-,-,-,-,-,-,-
2,YEQ,0.0e+00,100,99,3.9e-06,1.0e+00,1.0e+00,8.8e-01,4.5e-01,1.0e-05,motif-YEQ,"CASSPTTGLSTYEQYF","TRBV6-5*01","TRBJ2-7","CAVNVLTGGGNKLTF","337:scRMFh",1.000000,-,-,-,-,-,-,-,-,-,-,-
2,YEQ,0.0e+00,100,99,3.9e-06,1.0e+00,1.0e+00,8.8e-01,4.5e-01,1.0e-05,motif-YEQ,"CASSYSPTSGSYEQYF","TRBV6-2*01","TRBJ2-7","NA","624:scRMFh",1.000000,-,-,-,-,-,-,-,-,-,-,-
2,YEQ,0.0e+00,100,99,3.9e-06,1.0e+00,1.0e+00,8.8e-01,4.5e-01,1.0e-05,motif-YEQ,"CASSTSLGATPYYEQYF","TRBV5-6*01","TRBJ2-7","CAVRDDTGFQKLVF","355:scRMFh",1.000000,-,-,-,-,-,-,-,-,-,-,-
2,YEQ,0.0e+00,100,99,3.9e-06,1.0e+00,1.0e+00,8.8e-01,4.5e-01,1.0e-05,motif-YEQ,"CASSYPDGWDSDYEQYF","TRBV6-2*01","TRBJ2-7","CAYRNRDDKIIF","417:scRMFh",1.000000,-,-,-,-,-,-,-,-,-,-,-
2,YEQ,0.0e+00,100,99,3.9e-06,1.0e+00,1.0e+00,8.8e-01,4.5e-01,1.0e-05,motif-YEQ,"CSVEDFRGQGISYEQYF","TRBV29-1*01","TRBJ2-7","CIVFNNARLMF","440:scRMFh",1.000000,-,-,-,-,-,-,-,-,-,-,-
2,YEQ,0.0e+00,100,99,3.9e-06,1.0e+00,1.0e+00,8.8e-01,4.5e-01,1.0e-05,motif-YEQ,"CASSLGMIGQGLYEQYF","TRBV13*01","TRBJ2-7","CAVPMNYGGSQGNLIF","342:scRMFh",1.000000,-,-,-,-,-,-,-,-,-,-,-
2,YEQ,0.0e+00,100,99,3.9e-06,1.0e+00,1.0e+00,8.8e-01,4.5e-01,1.0e-05,motif-YEQ,"CASGYEQYF","TRBV27*01","TRBJ2-7","NA","503:scRMFh",1.000000,-,-,-,-,-,-,-,-,-,-,-
2,YEQ,0.0e+00,100,99,3.9e-06,1.0e+00,1.0e+00,8.8e-01,4.5e-01,1.0e-05,motif-YEQ,"CASSSGTRQAASGYEQYF","TRBV28*01","TRBJ2-7","CAESPNSGNTPLVF","129:scRMFh",1.000000,-,-,-,-,-,-,-,-,-,-,-

3,NEQ,0.0e+00,85,82,9.6e-07,1.0e+00,1.0e+00,4.0e-01,2.4e-01,1.0e-05,motif-NEQ,"CASSLRGNEQFF","TRBV27*01","TRBJ2-1","CAGGGVDTGRRALTF","152:scRMFh",1.000000,-,-,-,-,-,-,-,-,-,-,-
3,NEQ,0.0e+00,85,82,9.6e-07,1.0e+00,1.0e+00,4.0e-01,2.4e-01,1.0e-05,motif-NEQ,"CASSQPSGNEQFF","TRBV4-3*01","TRBJ2-1","CAASDGDYKLSF","86:scRMFh",1.000000,-,-,-,-,-,-,-,-,-,-,-
3,NEQ,0.0e+00,85,82,9.6e-07,1.0e+00,1.0e+00,4.0e-01,2.4e-01,1.0e-05,motif-NEQ,"CASSYSSDNEQFF","TRBV28*01","TRBJ2-1","CAAAPRGATNKLIF","59:scRMFh",1.000000,-,-,-,-,-,-,-,-,-,-,-
3,NEQ,0.0e+00,85,82,9.6e-07,1.0e+00,1.0e+00,4.0e-01,2.4e-01,1.0e-05,motif-NEQ,"CSARVAGEYNEQFF","TRBV20-1*01","TRBJ2-1","CALRRSGAGSYQLTF","190:scRMFh",1.000000,-,-,-,-,-,-,-,-,-,-,-
3,NEQ,0.0e+00,85,82,9.6e-07,1.0e+00,1.0e+00,4.0e-01,2.4e-01,1.0e-05,motif-NEQ,"CASSPRSVGNEQFF","TRBV4-3*01","TRBJ2-1","CAGLGEYGNKLVF","158:scRMFh",1.000000,-,-,-,-,-,-,-,-,-,-,-
3,NEQ,0.0e+00,85,82,9.6e-07,1.0e+00,1.0e+00,4.0e-01,2.4e-01,1.0e-05,motif-NEQ,"CASSDEGSYNEQFF","TRBV2*01","TRBJ2-1","NA","520:scRMFh",2.000000,-,-,-,-,-,-,-,-,-,-,-
3,NEQ,0.0e+00,85,82,9.6e-07,1.0e+00,1.0e+00,4.0e-01,2.4e-01,1.0e-05,motif-NEQ,"CAWAGLYNEQFF","TRBV30*01","TRBJ2-1","CAYKEIGGPLVF","416:scRMFh",1.000000,-,-,-,-,-,-,-,-,-,-,-
3,NEQ,0.0e+00,85,82,9.6e-07,1.0e+00,1.0e+00,4.0e-01,2.4e-01,1.0e-05,motif-NEQ,"CASSTGLLLNEQYF","TRBV9*01","TRBJ2-7",NA,"2009:GielisHealthy",1.000000,-,-,-,-,-,-,-,-,-,-,-
3,NEQ,0.0e+00,85,82,9.6e-07,1.0e+00,1.0e+00,4.0e-01,2.4e-01,1.0e-05,motif-NEQ,"CASSPVGYNEQFF","TRBV13*01","TRBJ2-1","NA","588:scRMFh",1.000000,-,-,-,-,-,-,-,-,-,-,-
3,NEQ,0.0e+00,85,82,9.6e-07,1.0e+00,1.0e+00,4.0e-01,2.4e-01,1.0e-05,motif-NEQ,"CASSPHLSNEQYV","TRBV7-9*03","TRBJ2-7","NA","54:scRMFaml",1.000000,-,-,-,-,-,-,-,-,-,-,-
3,NEQ,0.0e+00,85,82,9.6e-07,1.0e+00,1.0e+00,4.0e-01,2.4e-01,1.0e-05,motif-NEQ,"CSASGRLVINEQFF","TRBV20-1*01","TRBJ2-1","CAMTRGADGLTF","245:scRMFh",1.000000,-,-,-,-,-,-,-,-,-,-,-
3,NEQ,0.0e+00,85,82,9.6e-07,1.0e+00,1.0e+00,4.0e-01,2.4e-01,1.0e-05,motif-NEQ,"CASRTYNEQFF","TRBV6-5*01","TRBJ2-1","CAYSEGGSEKLVF","422:scRMFh",1.000000,-,-,-,-,-,-,-,-,-,-,-
3,NEQ,0.0e+00,85,82,9.6e-07,1.0e+00,1.0e+00,4.0e-01,2.4e-01,1.0e-05,motif-NEQ,"CASSEQGDNEQFF","TRBV2*01","TRBJ2-1","CALSGYSTLTF","210:scRMFh",1.000000,-,-,-,-,-,-,-,-,-,-,-
3,NEQ,0.0e+00,85,82,9.6e-07,1.0e+00,1.0e+00,4.0e-01,2.4e-01,1.0e-05,motif-NEQ,"CATRAGEGNEQFF","TRBV19*01","TRBJ2-1","CAVITYNQGGKLIF","312:scRMFh",1.000000,-,-,-,-,-,-,-,-,-,-,-
3,NEQ,0.0e+00,85,82,9.6e-07,1.0e+00,1.0e+00,4.0e-01,2.4e-01,1.0e-05,motif-NEQ,"CASSALNEQFF","TRBV12-3*01","TRBJ2-1","CVVEYNNNDMRF","468:scRMFh",1.000000,-,-,-,-,-,-,-,-,-,-,-
3,NEQ,0.0e+00,85,82,9.6e-07,1.0e+00,1.0e+00,4.0e-01,2.4e-01,1.0e-05,motif-NEQ,"CASSLNNEQFF","TRBV5-5*01","TRBJ2-1","CAPGSTLGRLYF","250:scRMFh",1.000000,-,-,-,-,-,-,-,-,-,-,-
3,NEQ,0.0e+00,85,82,9.6e-07,1.0e+00,1.0e+00,4.0e-01,2.4e-01,1.0e-05,motif-NEQ,"CASSLSPSNNEQFF","TRBV7-2*01","TRBJ2-1","CAARAQETSGSRLTF","78:scRMFh",1.000000,-,-,-,-,-,-,-,-,-,-,-
3,NEQ,0.0e+00,85,82,9.6e-07,1.0e+00,1.0e+00,4.0e-01,2.4e-01,1.0e-05,motif-NEQ,"CSVAAFPGDNEQFF","TRBV29-1*01","TRBJ2-1","CALSSPYNTDKLIF","13:scRMFaml",1.000000,-,-,-,-,-,-,-,-,-,-,-
3,NEQ,0.0e+00,85,82,9.6e-07,1.0e+00,1.0e+00,4.0e-01,2.4e-01,1.0e-05,motif-NEQ,"CSAREGSSGNEQFF","TRBV20-1*01","TRBJ2-1","CAVPQAGTALIF","344:scRMFh",1.000000,-,-,-,-,-,-,-,-,-,-,-
3,NEQ,0.0e+00,85,82,9.6e-07,1.0e+00,1.0e+00,4.0e-01,2.4e-01,1.0e-05,motif-NEQ,"CASSFLNEQFF","TRBV28*01","TRBJ2-1",NA,"2005:GielisHealthy",1.000000,-,-,-,-,-,-,-,-,-,-,-
3,NEQ,0.0e+00,85,82,9.6e-07,1.0e+00,1.0e+00,4.0e-01,2.4e-01,1.0e-05,motif-NEQ,"CASSSIAGYNEQFF","TRBV28*01","TRBJ2-1","NA","610:scRMFh",1.000000,-,-,-,-,-,-,-,-,-,-,-
3,NEQ,0.0e+00,85,82,9.6e-07,1.0e+00,1.0e+00,4.0e-01,2.4e-01,1.0e-05,motif-NEQ,"CASSEDSNYNEQFF","TRBV28*01","TRBJ2-1","CAEMGGGSQGNLIF","117:scRMFh",1.000000,-,-,-,-,-,-,-,-,-,-,-
3,NEQ,0.0e+00,85,82,9.6e-07,1.0e+00,1.0e+00,4.0e-01,2.4e-01,1.0e-05,motif-NEQ,"CASSLLEGYNEQFF","TRBV28*01","TRBJ2-1","CAVEAGGGADGLTF","286:scRMFh",1.000000,-,-,-,-,-,-,-,-,-,-,-
3,NEQ,0.0e+00,85,82,9.6e-07,1.0e+00,1.0e+00,4.0e-01,2.4e-01,1.0e-05,motif-NEQ,"CASRDMGNEQFF","TRBV19*01","TRBJ2-1","CAGRIVYNTDKLIF","166:scRMFh",1.000000,-,-,-,-,-,-,-,-,-,-,-
3,NEQ,0.0e+00,85,82,9.6e-07,1.0e+00,1.0e+00,4.0e-01,2.4e-01,1.0e-05,motif-NEQ,"CASDLADNEQFF","TRBV2*01","TRBJ2-1","CVVKDSGGGADGLTF","472:scRMFh",1.000000,-,-,-,-,-,-,-,-,-,-,-
3,NEQ,0.0e+00,85,82,9.6e-07,1.0e+00,1.0e+00,4.0e-01,2.4e-01,1.0e-05,motif-NEQ,"CASTPLAGINEQFF","TRBV6-1*01","TRBJ2-1","CAESNDYKLSF","127:scRMFh",1.000000,-,-,-,-,-,-,-,-,-,-,-
3,NEQ,0.0e+00,85,82,9.6e-07,1.0e+00,1.0e+00,4.0e-01,2.4e-01,1.0e-05,motif-NEQ,"CASSFQNEQFF","TRBV28*01","TRBJ2-1",NA,"2052:GielisHealthy",1.000000,-,-,-,-,-,-,-,-,-,-,-
3,NEQ,0.0e+00,85,82,9.6e-07,1.0e+00,1.0e+00,4.0e-01,2.4e-01,1.0e-05,motif-NEQ,"CASWLGGNEQFF","TRBV6-2*01","TRBJ2-1","CALSEATSYDKVIF","200:scRMFh",1.000000,-,-,-,-,-,-,-,-,-,-,-
3,NEQ,0.0e+00,85,82,9.6e-07,1.0e+00,1.0e+00,4.0e-01,2.4e-01,1.0e-05,motif-NEQ,"CASLGTLGPNEQYF","TRBV28*01","TRBJ2-7","NA","507:scRMFh",1.000000,-,-,-,-,-,-,-,-,-,-,-
3,NEQ,0.0e+00,85,82,9.6e-07,1.0e+00,1.0e+00,4.0e-01,2.4e-01,1.0e-05,motif-NEQ,"CASSLHGNEQFF","TRBV27*01","TRBJ2-1","NA","559:scRMFh",1.000000,-,-,-,-,-,-,-,-,-,-,-
3,NEQ,0.0e+00,85,82,9.6e-07,1.0e+00,1.0e+00,4.0e-01,2.4e-01,1.0e-05,motif-NEQ,"CAWSVLDSYNEQFF","TRBV30*01","TRBJ2-1",NA,"2043:GielisHealthy",1.000000,-,-,-,-,-,-,-,-,-,-,-
3,NEQ,0.0e+00,85,82,9.6e-07,1.0e+00,1.0e+00,4.0e-01,2.4e-01,1.0e-05,motif-NEQ,"CVSHPGGAYNEQFF","TRBV2*01","TRBJ2-1",NA,"2089:GielisHealthy",1.000000,-,-,-,-,-,-,-,-,-,-,-
3,NEQ,0.0e+00,85,82,9.6e-07,1.0e+00,1.0e+00,4.0e-01,2.4e-01,1.0e-05,motif-NEQ,"CASSSEETGLSSYNEQFF","TRBV5-1*01","TRBJ2-1","NA","609:scRMFh",1.000000,-,-,-,-,-,-,-,-,-,-,-
3,NEQ,0.0e+00,85,82,9.6e-07,1.0e+00,1.0e+00,4.0e-01,2.4e-01,1.0e-05,motif-NEQ,"CASSLHYSGIGNEQFF","TRBV7-7*01","TRBJ2-1","CAGGRGSARQLTF","153:scRMFh",1.000000,-,-,-,-,-,-,-,-,-,-,-
3,NEQ,0.0e+00,85,82,9.6e-07,1.0e+00,1.0e+00,4.0e-01,2.4e-01,1.0e-05,motif-NEQ,"CASSYRLAVPYNEQFF","TRBV6-5*01","TRBJ2-1","CAQGTYKYIF","257:scRMFh",1.000000,-,-,-,-,-,-,-,-,-,-,-
3,NEQ,0.0e+00,85,82,9.6e-07,1.0e+00,1.0e+00,4.0e-01,2.4e-01,1.0e-05,motif-NEQ,"CASSAGASGRGGGYNEQFF","TRBV9*01","TRBJ2-1","CAMREGTSGTYKYIF","17:scRMFaml",1.000000,-,-,-,-,-,-,-,-,-,-,-
3,NEQ,0.0e+00,85,82,9.6e-07,1.0e+00,1.0e+00,4.0e-01,2.4e-01,1.0e-05,motif-NEQ,"CASSLLRGGSYNEQFF","TRBV11-3*01","TRBJ2-1","NA","561:scRMFh",1.000000,-,-,-,-,-,-,-,-,-,-,-
3,NEQ,0.0e+00,85,82,9.6e-07,1.0e+00,1.0e+00,4.0e-01,2.4e-01,1.0e-05,motif-NEQ,"CASGEGGPSSYNEQFF","TRBV12-4*01","TRBJ2-1","CAALTGGFKTIF","70:scRMFh",1.000000,-,-,-,-,-,-,-,-,-,-,-
3,NEQ,0.0e+00,85,82,9.6e-07,1.0e+00,1.0e+00,4.0e-01,2.4e-01,1.0e-05,motif-NEQ,"CASSQTPLPPYNEQFF","TRBV4-1*01","TRBJ2-1",NA,"2046:GielisHealthy",1.000000,-,-,-,-,-,-,-,-,-,-,-
3,NEQ,0.0e+00,85,82,9.6e-07,1.0e+00,1.0e+00,4.0e-01,2.4e-01,1.0e-05,motif-NEQ,"CASSQNPGDLGNEQFF","TRBV4-3*01","TRBJ2-1","CAVGGYSSASKIIF","298:scRMFh",5.000000,-,-,-,-,-,-,-,-,-,-,-
3,NEQ,0.0e+00,85,82,9.6e-07,1.0e+00,1.0e+00,4.0e-01,2.4e-01,1.0e-05,motif-NEQ,"CASSQNPGDLGNEQFF","TRBV4-3*01","TRBJ2-1","NA","599:scRMFh",1.000000,-,-,-,-,-,-,-,-,-,-,-
3,NEQ,0.0e+00,85,82,9.6e-07,1.0e+00,1.0e+00,4.0e-01,2.4e-01,1.0e-05,motif-NEQ,"CSALVGGQGAENEQFF","TRBV20-1*01","TRBJ2-1","CAAMDSNYQLIW","73:scRMFh",1.000000,-,-,-,-,-,-,-,-,-,-,-
3,NEQ,0.0e+00,85,82,9.6e-07,1.0e+00,1.0e+00,4.0e-01,2.4e-01,1.0e-05,motif-NEQ,"CASSSLDSSSYNEQFF","TRBV27*01","TRBJ2-1","CAYSVNNNDMRF","424:scRMFh",1.000000,-,-,-,-,-,-,-,-,-,-,-
3,NEQ,0.0e+00,85,82,9.6e-07,1.0e+00,1.0e+00,4.0e-01,2.4e-01,1.0e-05,motif-NEQ,"CASSQERGGAPSSYNEQFF","TRBV4-2*01","TRBJ2-1","CALTDSWGKLQF","217:scRMFh",1.000000,-,-,-,-,-,-,-,-,-,-,-
3,NEQ,0.0e+00,85,82,9.6e-07,1.0e+00,1.0e+00,4.0e-01,2.4e-01,1.0e-05,motif-NEQ,"CASSPPSAGGDNEQFF","TRBV3-1*01","TRBJ2-1","CALSTARLMF","215:scRMFh",1.000000,-,-,-,-,-,-,-,-,-,-,-
3,NEQ,0.0e+00,85,82,9.6e-07,1.0e+00,1.0e+00,4.0e-01,2.4e-01,1.0e-05,motif-NEQ,"CASSPPSAGGDNEQFF","TRBV7-9*03","TRBJ2-1","CAMRESNTDKLIF","232:scRMFh",2.000000,-,-,-,-,-,-,-,-,-,-,-
3,NEQ,0.0e+00,85,82,9.6e-07,1.0e+00,1.0e+00,4.0e-01,2.4e-01,1.0e-05,motif-NEQ,"CASSLGPPARGGYNEQFF","TRBV7-6*01","TRBJ2-1","CGTEISPYNTDKLIF","429:scRMFh",1.000000,-,-,-,-,-,-,-,-,-,-,-
3,NEQ,0.0e+00,85,82,9.6e-07,1.0e+00,1.0e+00,4.0e-01,2.4e-01,1.0e-05,motif-NEQ,"CASTELQGSSYNEQFF","TRBV6-5*01","TRBJ2-1","CAVNTFDDYKLSF","336:scRMFh",1.000000,-,-,-,-,-,-,-,-,-,-,-
3,NEQ,0.0e+00,85,82,9.6e-07,1.0e+00,1.0e+00,4.0e-01,2.4e-01,1.0e-05,motif-NEQ,"CASSLEERGVINEQFF","TRBV7-6*01","TRBJ2-1","CAGIYTGGFKTIF","156:scRMFh",1.000000,-,-,-,-,-,-,-,-,-,-,-
3,NEQ,0.0e+00,85,82,9.6e-07,1.0e+00,1.0e+00,4.0e-01,2.4e-01,1.0e-05,motif-NEQ,"CASSPSRRRTGTYNEQFF","TRBV11-2*01","TRBJ2-1","CAVWSNARLMF","409:scRMFh",1.000000,-,-,-,-,-,-,-,-,-,-,-
3,NEQ,0.0e+00,85,82,9.6e-07,1.0e+00,1.0e+00,4.0e-01,2.4e-01,1.0e-05,motif-NEQ,"CASYPGGQGSYNEQFF","TRBV6-5*01","TRBJ2-1","CAFKRHGYGGSQGNLIF","136:scRMFh",1.000000,-,-,-,-,-,-,-,-,-,-,-
3,NEQ,0.0e+00,85,82,9.6e-07,1.0e+00,1.0e+00,4.0e-01,2.4e-01,1.0e-05,motif-NEQ,"CASSPHPGSRSYNEQFF","TRBV6-2*01","TRBJ2-1","CAVRPGTYKYIF","32:scRMFaml",1.000000,-,-,-,-,-,-,-,-,-,-,-
3,NEQ,0.0e+00,85,82,9.6e-07,1.0e+00,1.0e+00,4.0e-01,2.4e-01,1.0e-05,motif-NEQ,"CASSYLYGLSSYNEQFF","TRBV7-9*03","TRBJ2-1","CASDYGQNFVF","261:scRMFh",1.000000,-,-,-,-,-,-,-,-,-,-,-
3,NEQ,0.0e+00,85,82,9.6e-07,1.0e+00,1.0e+00,4.0e-01,2.4e-01,1.0e-05,motif-NEQ,"CATSDSTSPSSYNEQFF","TRBV24-1*01","TRBJ2-1","CAVTDPPYTGTASKLTF","33:scRMFaml",1.000000,-,-,-,-,-,-,-,-,-,-,-
3,NEQ,0.0e+00,85,82,9.6e-07,1.0e+00,1.0e+00,4.0e-01,2.4e-01,1.0e-05,motif-NEQ,"CASSTLLAGGYNEQFF","TRBV9*01","TRBJ2-1","CAVTDSWGKLQF","394:scRMFh",1.000000,-,-,-,-,-,-,-,-,-,-,-
3,NEQ,0.0e+00,85,82,9.6e-07,1.0e+00,1.0e+00,4.0e-01,2.4e-01,1.0e-05,motif-NEQ,"CASSQGLAGTYNEQFF","TRBV4-1*01","TRBJ2-1","CALSADSGGYQKVTF","192:scRMFh",1.000000,-,-,-,-,-,-,-,-,-,-,-
3,NEQ,0.0e+00,85,82,9.6e-07,1.0e+00,1.0e+00,4.0e-01,2.4e-01,1.0e-05,motif-NEQ,"CASSDSITSSYNEQFF","TRBV6-4*02","TRBJ2-1","CAPLDSNYQLIW","252:scRMFh",1.000000,-,-,-,-,-,-,-,-,-,-,-
3,NEQ,0.0e+00,85,82,9.6e-07,1.0e+00,1.0e+00,4.0e-01,2.4e-01,1.0e-05,motif-NEQ,"CASSLESTGMVGNEQFF","TRBV5-5*01","TRBJ2-1","CLVGAPMFSGGYNKLIF","455:scRMFh",1.000000,-,-,-,-,-,-,-,-,-,-,-
3,NEQ,0.0e+00,85,82,9.6e-07,1.0e+00,1.0e+00,4.0e-01,2.4e-01,1.0e-05,motif-NEQ,"CASSSPGTGGNEQYF","TRBV6-5*01","TRBJ2-7","CVVSRSNDYKLSF","489:scRMFh",1.000000,-,-,-,-,-,-,-,-,-,-,-
3,NEQ,0.0e+00,85,82,9.6e-07,1.0e+00,1.0e+00,4.0e-01,2.4e-01,1.0e-05,motif-NEQ,"CASSWDRAPGNEQFF","TRBV6-2*01","TRBJ2-1","CAVNALDMRF","324:scRMFh",1.000000,-,-,-,-,-,-,-,-,-,-,-
3,NEQ,0.0e+00,85,82,9.6e-07,1.0e+00,1.0e+00,4.0e-01,2.4e-01,1.0e-05,motif-NEQ,"CASGLALGRANEQFF","TRBV12-5*01","TRBJ2-1","NA","500:scRMFh",1.000000,-,-,-,-,-,-,-,-,-,-,-
3,NEQ,0.0e+00,85,82,9.6e-07,1.0e+00,1.0e+00,4.0e-01,2.4e-01,1.0e-05,motif-NEQ,"CASSLVRGVYNEQFF","TRBV5-6*01","TRBJ2-1","NA","572:scRMFh",1.000000,-,-,-,-,-,-,-,-,-,-,-
3,NEQ,0.0e+00,85,82,9.6e-07,1.0e+00,1.0e+00,4.0e-01,2.4e-01,1.0e-05,motif-NEQ,"CASSAGLAMGNEQFF","TRBV5-1*01","TRBJ2-1","CAGYNAGNNRKLIW","175:scRMFh",1.000000,-,-,-,-,-,-,-,-,-,-,-
3,NEQ,0.0e+00,85,82,9.6e-07,1.0e+00,1.0e+00,4.0e-01,2.4e-01,1.0e-05,motif-NEQ,"CATSDLASGGNEQFF","TRBV24-1*01","TRBJ2-1","NA","629:scRMFh",1.000000,-,-,-,-,-,-,-,-,-,-,-
3,NEQ,0.0e+00,85,82,9.6e-07,1.0e+00,1.0e+00,4.0e-01,2.4e-01,1.0e-05,motif-NEQ,"CASSQSGGTYNEQFF","TRBV5-1*01","TRBJ2-1","CAVRSYSGAGSYQLTF","377:scRMFh",1.000000,-,-,-,-,-,-,-,-,-,-,-
3,NEQ,0.0e+00,85,82,9.6e-07,1.0e+00,1.0e+00,4.0e-01,2.4e-01,1.0e-05,motif-NEQ,"CASRLAGSSYNEQFF","TRBV19*01","TRBJ2-1","CAVDPRGSYIPTF","285:scRMFh",1.000000,-,-,-,-,-,-,-,-,-,-,-
3,NEQ,0.0e+00,85,82,9.6e-07,1.0e+00,1.0e+00,4.0e-01,2.4e-01,1.0e-05,motif-NEQ,"CATSRDRGIINEQFF","TRBV15*02","TRBJ2-1","CGTENGALRNTPLVF","430:scRMFh",1.000000,-,-,-,-,-,-,-,-,-,-,-
3,NEQ,0.0e+00,85,82,9.6e-07,1.0e+00,1.0e+00,4.0e-01,2.4e-01,1.0e-05,motif-NEQ,"CASTYSGSSYNEQFF","TRBV19*01","TRBJ2-1","CVVASYSGGGADGLTF","467:scRMFh",1.000000,-,-,-,-,-,-,-,-,-,-,-
3,NEQ,0.0e+00,85,82,9.6e-07,1.0e+00,1.0e+00,4.0e-01,2.4e-01,1.0e-05,motif-NEQ,"CSASMGLGRYNEQFF","TRBV20-1*01","TRBJ2-1","CAVSMHRDDKIIF","390:scRMFh",1.000000,-,-,-,-,-,-,-,-,-,-,-
3,NEQ,0.0e+00,85,82,9.6e-07,1.0e+00,1.0e+00,4.0e-01,2.4e-01,1.0e-05,motif-NEQ,"CASSPGGSSYNEQFF","TRBV13*01","TRBJ2-1","CAMREYQGAQKLVF","236:scRMFh",1.000000,-,-,-,-,-,-,-,-,-,-,-
3,NEQ,0.0e+00,85,82,9.6e-07,1.0e+00,1.0e+00,4.0e-01,2.4e-01,1.0e-05,motif-NEQ,"CASSFDSTLDNEQFF","TRBV28*01","TRBJ2-1","NA","530:scRMFh",1.000000,-,-,-,-,-,-,-,-,-,-,-
3,NEQ,0.0e+00,85,82,9.6e-07,1.0e+00,1.0e+00,4.0e-01,2.4e-01,1.0e-05,motif-NEQ,"CASSPGTGGYNEQFF","TRBV4-2*01","TRBJ2-1","CAASDSNYQLIW","88:scRMFh",1.000000,-,-,-,-,-,-,-,-,-,-,-
3,NEQ,0.0e+00,85,82,9.6e-07,1.0e+00,1.0e+00,4.0e-01,2.4e-01,1.0e-05,motif-NEQ,"CASGLGFRSYNEQFF","TRBV5-4*01","TRBJ2-1","CLVGEKGYSGGGADGLTF","41:scRMFaml",1.000000,-,-,-,-,-,-,-,-,-,-,-
3,NEQ,0.0e+00,85,82,9.6e-07,1.0e+00,1.0e+00,4.0e-01,2.4e-01,1.0e-05,motif-NEQ,"CASGLGFRSYNEQFF","TRBV5-4*01","TRBJ2-1","NA","47:scRMFaml",1.000000,-,-,-,-,-,-,-,-,-,-,-
3,NEQ,0.0e+00,85,82,9.6e-07,1.0e+00,1.0e+00,4.0e-01,2.4e-01,1.0e-05,motif-NEQ,"CASSLGGTPGNEQFF","TRBV7-3*01","TRBJ2-1","CAGQLLEYGNKLVF","164:scRMFh",1.000000,-,-,-,-,-,-,-,-,-,-,-
3,NEQ,0.0e+00,85,82,9.6e-07,1.0e+00,1.0e+00,4.0e-01,2.4e-01,1.0e-05,motif-NEQ,"CASSLGDRAYNEQFF","TRBV5-6*01","TRBJ2-1","NA","554:scRMFh",1.000000,-,-,-,-,-,-,-,-,-,-,-
3,NEQ,0.0e+00,85,82,9.6e-07,1.0e+00,1.0e+00,4.0e-01,2.4e-01,1.0e-05,motif-NEQ,"CASSPGGFNYNEQFF","TRBV3-1*01","TRBJ2-1","NA","53:scRMFaml",1.000000,-,-,-,-,-,-,-,-,-,-,-
3,NEQ,0.0e+00,85,82,9.6e-07,1.0e+00,1.0e+00,4.0e-01,2.4e-01,1.0e-05,motif-NEQ,"CASSQGQSSYNEQFF","TRBV7-2*01","TRBJ2-1","NA","598:scRMFh",1.000000,-,-,-,-,-,-,-,-,-,-,-
3,NEQ,0.0e+00,85,82,9.6e-07,1.0e+00,1.0e+00,4.0e-01,2.4e-01,1.0e-05,motif-NEQ,"CASNEGQVSYNEQFF","TRBV5-1*01","TRBJ2-1","NA","49:scRMFaml",1.000000,-,-,-,-,-,-,-,-,-,-,-
3,NEQ,0.0e+00,85,82,9.6e-07,1.0e+00,1.0e+00,4.0e-01,2.4e-01,1.0e-05,motif-NEQ,"CASSPGQGGYNEQFF","TRBV4-3*01","TRBJ2-1","CAEIKITGRRALTF","6:scRMFaml",1.000000,-,-,-,-,-,-,-,-,-,-,-
3,NEQ,0.0e+00,85,82,9.6e-07,1.0e+00,1.0e+00,4.0e-01,2.4e-01,1.0e-05,motif-NEQ,"CASSLAGETYNEQFF","TRBV11-2*01","TRBJ2-1","CVVTLEASGYALNF","490:scRMFh",1.000000,-,-,-,-,-,-,-,-,-,-,-
3,NEQ,0.0e+00,85,82,9.6e-07,1.0e+00,1.0e+00,4.0e-01,2.4e-01,1.0e-05,motif-NEQ,"CASSQTSGGHNEQFF","TRBV4-3*01","TRBJ2-1","NA","601:scRMFh",1.000000,-,-,-,-,-,-,-,-,-,-,-
3,NEQ,0.0e+00,85,82,9.6e-07,1.0e+00,1.0e+00,4.0e-01,2.4e-01,1.0e-05,motif-NEQ,"CSARQLAEPYNEQFF","TRBV20-1*01","TRBJ2-1",NA,"2051:GielisHealthy",1.000000,-,-,-,-,-,-,-,-,-,-,-
3,NEQ,0.0e+00,85,82,9.6e-07,1.0e+00,1.0e+00,4.0e-01,2.4e-01,1.0e-05,motif-NEQ,"CSASPAVGEWNEQFF","TRBV20-1*01","TRBJ2-1","CALSEYGGSQGNLIF","206:scRMFh",1.000000,-,-,-,-,-,-,-,-,-,-,-
3,NEQ,0.0e+00,85,82,9.6e-07,1.0e+00,1.0e+00,4.0e-01,2.4e-01,1.0e-05,motif-NEQ,"CASSDRTGGYNEQFF","TRBV11-2*01","TRBJ2-1","NA","522:scRMFh",1.000000,-,-,-,-,-,-,-,-,-,-,-

4,TDTQ,0.0e+00,43,41,1.9e-06,1.0e+00,1.0e+00,6.6e-02,9.5e-01,3.0e-05,motif-TDTQ,"CASSPIGGPSLSTDTQYF","TRBV18*01","TRBJ2-3","CAMRDPGNTDKLIF","223:scRMFh",1.000000,-,-,-,-,-,-,-,-,-,-,-
4,TDTQ,0.0e+00,43,41,1.9e-06,1.0e+00,1.0e+00,6.6e-02,9.5e-01,3.0e-05,motif-TDTQ,"CASSDFYRGDTDTQYF","TRBV10-1*02","TRBJ2-3","CAEGRSGAGSYQLTF","110:scRMFh",1.000000,-,-,-,-,-,-,-,-,-,-,-
4,TDTQ,0.0e+00,43,41,1.9e-06,1.0e+00,1.0e+00,6.6e-02,9.5e-01,3.0e-05,motif-TDTQ,"CATSPGRTGRETDTQYF","TRBV24-1*01","TRBJ2-3","CAGRNNARLMF","10:scRMFaml",1.000000,-,-,-,-,-,-,-,-,-,-,-
4,TDTQ,0.0e+00,43,41,1.9e-06,1.0e+00,1.0e+00,6.6e-02,9.5e-01,3.0e-05,motif-TDTQ,"CASAGWGLASTDTQYF","TRBV27*01","TRBJ2-3","CAVRVGFGNVLHC","378:scRMFh",2.000000,-,-,-,-,-,-,-,-,-,-,-
4,TDTQ,0.0e+00,43,41,1.9e-06,1.0e+00,1.0e+00,6.6e-02,9.5e-01,3.0e-05,motif-TDTQ,"CAISEGLSGLMGTDTQYF","TRBV10-3*01","TRBJ2-3","CAVKEGDDKIIF","314:scRMFh",1.000000,-,-,-,-,-,-,-,-,-,-,-
4,TDTQ,0.0e+00,43,41,1.9e-06,1.0e+00,1.0e+00,6.6e-02,9.5e-01,3.0e-05,motif-TDTQ,"CASRGGLAGNTDTQYF","TRBV11-2*01","TRBJ2-3","CALDSNYQLIW","178:scRMFh",1.000000,-,-,-,-,-,-,-,-,-,-,-
4,TDTQ,0.0e+00,43,41,1.9e-06,1.0e+00,1.0e+00,6.6e-02,9.5e-01,3.0e-05,motif-TDTQ,"CASSQDGIQTGGLTDTQYF","TRBV4-3*01","TRBJ2-3","CALSEPDSMEYGNKLVF","204:scRMFh",1.000000,-,-,-,-,-,-,-,-,-,-,-
4,TDTQ,0.0e+00,43,41,1.9e-06,1.0e+00,1.0e+00,6.6e-02,9.5e-01,3.0e-05,motif-TDTQ,"CASRLGGQGRTDTQYF","TRBV6-5*01","TRBJ2-3","CGTEMYNTDKLIF","37:scRMFaml",1.000000,-,-,-,-,-,-,-,-,-,-,-
4,TDTQ,0.0e+00,43,41,1.9e-06,1.0e+00,1.0e+00,6.6e-02,9.5e-01,3.0e-05,motif-TDTQ,"CAISEMALSGPTDTQYF","TRBV10-3*01","TRBJ2-3","CVVPSVGNNRLAF","483:scRMFh",1.000000,-,-,-,-,-,-,-,-,-,-,-
4,TDTQ,0.0e+00,43,41,1.9e-06,1.0e+00,1.0e+00,6.6e-02,9.5e-01,3.0e-05,motif-TDTQ,"CASSESGIPTSTDTQYF","TRBV10-2*01","TRBJ2-3","NA","525:scRMFh",1.000000,-,-,-,-,-,-,-,-,-,-,-
4,TDTQ,0.0e+00,43,41,1.9e-06,1.0e+00,1.0e+00,6.6e-02,9.5e-01,3.0e-05,motif-TDTQ,"CASSFLAGYSTDTQYF","TRBV27*01","TRBJ2-3","CALSRPGANNLFF","211:scRMFh",1.000000,-,-,-,-,-,-,-,-,-,-,-
4,TDTQ,0.0e+00,43,41,1.9e-06,1.0e+00,1.0e+00,6.6e-02,9.5e-01,3.0e-05,motif-TDTQ,"CASSPVGGLSTDTQYF","TRBV4-2*01","TRBJ2-3","CAVNAAGKSTF","323:scRMFh",1.000000,-,-,-,-,-,-,-,-,-,-,-
4,TDTQ,0.0e+00,43,41,1.9e-06,1.0e+00,1.0e+00,6.6e-02,9.5e-01,3.0e-05,motif-TDTQ,"CASSSDPGRVTDTQYF","TRBV5-8*01","TRBJ2-3","CALSGGGGFKTIF","207:scRMFh",1.000000,-,-,-,-,-,-,-,-,-,-,-
4,TDTQ,0.0e+00,43,41,1.9e-06,1.0e+00,1.0e+00,6.6e-02,9.5e-01,3.0e-05,motif-TDTQ,"CASSLPGQTYSTDTQYF","TRBV7-2*01","TRBJ2-3","CAMSRSNFGNEKLTF","242:scRMFh",1.000000,-,-,-,-,-,-,-,-,-,-,-
4,TDTQ,0.0e+00,43,41,1.9e-06,1.0e+00,1.0e+00,6.6e-02,9.5e-01,3.0e-05,motif-TDTQ,"CASSHLIGTYPTDTQYF","TRBV3-1*01","TRBJ2-3","CAASLGAGNMLTF","93:scRMFh",1.000000,-,-,-,-,-,-,-,-,-,-,-
4,TDTQ,0.0e+00,43,41,1.9e-06,1.0e+00,1.0e+00,6.6e-02,9.5e-01,3.0e-05,motif-TDTQ,"CASSLFLAGYKTLGTDTQYF","TRBV12-3*01","TRBJ2-3","CAMREVEYGNKLVF","235:scRMFh",1.000000,-,-,-,-,-,-,-,-,-,-,-
4,TDTQ,0.0e+00,43,41,1.9e-06,1.0e+00,1.0e+00,6.6e-02,9.5e-01,3.0e-05,motif-TDTQ,"CASSPGTSLSTDTQYF","TRBV28*01","TRBJ2-3","CAAPSNDYKLSF","74:scRMFh",1.000000,-,-,-,-,-,-,-,-,-,-,-
4,TDTQ,0.0e+00,43,41,1.9e-06,1.0e+00,1.0e+00,6.6e-02,9.5e-01,3.0e-05,motif-TDTQ,"CASSLRDLGLTDTQYF","TRBV5-1*01","TRBJ2-3","CALKTSYDKVIF","184:scRMFh",1.000000,-,-,-,-,-,-,-,-,-,-,-
4,TDTQ,0.0e+00,43,41,1.9e-06,1.0e+00,1.0e+00,6.6e-02,9.5e-01,3.0e-05,motif-TDTQ,"CASSPRLLLTASTDTQYF","TRBV3-1*01","TRBJ2-3","CVVSGNNNDMRF","487:scRMFh",1.000000,-,-,-,-,-,-,-,-,-,-,-
4,TDTQ,0.0e+00,43,41,1.9e-06,1.0e+00,1.0e+00,6.6e-02,9.5e-01,3.0e-05,motif-TDTQ,"CASSLSGRPVTDTQYF","TRBV27*01","TRBJ2-3","CAGDDAGGTSYGKLTF","9:scRMFaml",1.000000,-,-,-,-,-,-,-,-,-,-,-
4,TDTQ,0.0e+00,43,41,1.9e-06,1.0e+00,1.0e+00,6.6e-02,9.5e-01,3.0e-05,motif-TDTQ,"CASSPSPGSSTDTQYF","TRBV19*01","TRBJ2-3",NA,"2045:GielisHealthy",1.000000,-,-,-,-,-,-,-,-,-,-,-
4,TDTQ,0.0e+00,43,41,1.9e-06,1.0e+00,1.0e+00,6.6e-02,9.5e-01,3.0e-05,motif-TDTQ,"CSVRRGSGTDTQYF","TRBV29-1*01","TRBJ2-3","CAASHANAGGTSYGKLTF","4:scRMFaml",1.000000,-,-,-,-,-,-,-,-,-,-,-
4,TDTQ,0.0e+00,43,41,1.9e-06,1.0e+00,1.0e+00,6.6e-02,9.5e-01,3.0e-05,motif-TDTQ,"CASSDTSGSTDTQYF","TRBV6-4*02","TRBJ2-3","CAVMDSSYKLIF","321:scRMFh",1.000000,-,-,-,-,-,-,-,-,-,-,-
4,TDTQ,0.0e+00,43,41,1.9e-06,1.0e+00,1.0e+00,6.6e-02,9.5e-01,3.0e-05,motif-TDTQ,"CASSLGTGSTDTQYF","TRBV5-4*01","TRBJ2-3","CVVSELGNTGFQKLVF","485:scRMFh",1.000000,-,-,-,-,-,-,-,-,-,-,-
4,TDTQ,0.0e+00,43,41,1.9e-06,1.0e+00,1.0e+00,6.6e-02,9.5e-01,3.0e-05,motif-TDTQ,"CASSLAGTTDTQYF","TRBV7-2*01","TRBJ2-3","CAVQESNYQLIW","348:scRMFh",1.000000,-,-,-,-,-,-,-,-,-,-,-
4,TDTQ,0.0e+00,43,41,1.9e-06,1.0e+00,1.0e+00,6.6e-02,9.5e-01,3.0e-05,motif-TDTQ,"CASSSPAQGTDTQYF","TRBV7-9*03","TRBJ2-3","CAFPTSGTYKYIF","140:scRMFh",2.000000,-,-,-,-,-,-,-,-,-,-,-
4,TDTQ,0.0e+00,43,41,1.9e-06,1.0e+00,1.0e+00,6.6e-02,9.5e-01,3.0e-05,motif-TDTQ,"CASSSPAQGTDTQYF","TRBV7-9*03","TRBJ2-3","CKGTYKYIF","448:scRMFh",3.000000,-,-,-,-,-,-,-,-,-,-,-
4,TDTQ,0.0e+00,43,41,1.9e-06,1.0e+00,1.0e+00,6.6e-02,9.5e-01,3.0e-05,motif-TDTQ,"CASSSPAQGTDTQYF","TRBV7-9*03","TRBJ2-3","NA","612:scRMFh",20.000000,-,-,-,-,-,-,-,-,-,-,-
4,TDTQ,0.0e+00,43,41,1.9e-06,1.0e+00,1.0e+00,6.6e-02,9.5e-01,3.0e-05,motif-TDTQ,"CASIPRERLTDTQYF","TRBV7-9*03","TRBJ2-3","CALSDYKLSF","194:scRMFh",1.000000,-,-,-,-,-,-,-,-,-,-,-
4,TDTQ,0.0e+00,43,41,1.9e-06,1.0e+00,1.0e+00,6.6e-02,9.5e-01,3.0e-05,motif-TDTQ,"CSASSQRGVTDTQYF","TRBV20-1*01","TRBJ2-3","CAVYHNAGNNRKLIW","410:scRMFh",1.000000,-,-,-,-,-,-,-,-,-,-,-
4,TDTQ,0.0e+00,43,41,1.9e-06,1.0e+00,1.0e+00,6.6e-02,9.5e-01,3.0e-05,motif-TDTQ,"CASSLYGASTDTQYF","TRBV5-4*01","TRBJ2-3","CAVSVWGGGGADGLTF","392:scRMFh",1.000000,-,-,-,-,-,-,-,-,-,-,-
4,TDTQ,0.0e+00,43,41,1.9e-06,1.0e+00,1.0e+00,6.6e-02,9.5e-01,3.0e-05,motif-TDTQ,"CASTTGQGTDTQYF","TRBV19*01","TRBJ2-3","CVVKGGTGRRALTF","473:scRMFh",1.000000,-,-,-,-,-,-,-,-,-,-,-
4,TDTQ,0.0e+00,43,41,1.9e-06,1.0e+00,1.0e+00,6.6e-02,9.5e-01,3.0e-05,motif-TDTQ,"CASSLWASTDTQYF","TRBV27*01","TRBJ2-3","CAVTGDNDMRF","396:scRMFh",1.000000,-,-,-,-,-,-,-,-,-,-,-
4,TDTQ,0.0e+00,43,41,1.9e-06,1.0e+00,1.0e+00,6.6e-02,9.5e-01,3.0e-05,motif-TDTQ,"CASSNGGYSTDTQYF","TRBV7-3*01","TRBJ2-3",NA,"2021:GielisHealthy",1.000000,-,-,-,-,-,-,-,-,-,-,-
4,TDTQ,0.0e+00,43,41,1.9e-06,1.0e+00,1.0e+00,6.6e-02,9.5e-01,3.0e-05,motif-TDTQ,"CASSLVTGYTDTQYF","TRBV7-2*01","TRBJ2-3","NA","573:scRMFh",1.000000,-,-,-,-,-,-,-,-,-,-,-
4,TDTQ,0.0e+00,43,41,1.9e-06,1.0e+00,1.0e+00,6.6e-02,9.5e-01,3.0e-05,motif-TDTQ,"CASSPNLRGTDTQYF","TRBV4-1*01","TRBJ2-3",NA,"2059:GielisHealthy",1.000000,-,-,-,-,-,-,-,-,-,-,-
4,TDTQ,0.0e+00,43,41,1.9e-06,1.0e+00,1.0e+00,6.6e-02,9.5e-01,3.0e-05,motif-TDTQ,"CASSRWGERTDTQYF","TRBV11-1*01","TRBJ2-3","NA","608:scRMFh",1.000000,-,-,-,-,-,-,-,-,-,-,-
4,TDTQ,0.0e+00,43,41,1.9e-06,1.0e+00,1.0e+00,6.6e-02,9.5e-01,3.0e-05,motif-TDTQ,"CSVEILGQTDTQYF","TRBV29-1*01","TRBJ2-3","CAEKRGGNNRKLIW","114:scRMFh",1.000000,-,-,-,-,-,-,-,-,-,-,-
4,TDTQ,0.0e+00,43,41,1.9e-06,1.0e+00,1.0e+00,6.6e-02,9.5e-01,3.0e-05,motif-TDTQ,"CASSYRFSTDTQYF","TRBV6-5*01","TRBJ2-3","CAVTVPAYSGGGADGLTF","404:scRMFh",1.000000,-,-,-,-,-,-,-,-,-,-,-
4,TDTQ,0.0e+00,43,41,1.9e-06,1.0e+00,1.0e+00,6.6e-02,9.5e-01,3.0e-05,motif-TDTQ,"CASSRGTDTQYF","TRBV4-1*01","TRBJ2-3","CAESPDDKIIF","128:scRMFh",1.000000,-,-,-,-,-,-,-,-,-,-,-
4,TDTQ,0.0e+00,43,41,1.9e-06,1.0e+00,1.0e+00,6.6e-02,9.5e-01,3.0e-05,motif-TDTQ,"CASSLLLTDTQYF","TRBV27*01","TRBJ2-3","CASPGNDYKLSF","264:scRMFh",1.000000,-,-,-,-,-,-,-,-,-,-,-
4,TDTQ,0.0e+00,43,41,1.9e-06,1.0e+00,1.0e+00,6.6e-02,9.5e-01,3.0e-05,motif-TDTQ,"CASSISTDTQYF","TRBV5-1*01","TRBJ2-3","CAMREPVNDYKLSF","231:scRMFh",1.000000,-,-,-,-,-,-,-,-,-,-,-
4,TDTQ,0.0e+00,43,41,1.9e-06,1.0e+00,1.0e+00,6.6e-02,9.5e-01,3.0e-05,motif-TDTQ,"CASRITDTQYF","TRBV2*01","TRBJ2-3","CIVTPTWNSGGGADGLTF","447:scRMFh",1.000000,-,-,-,-,-,-,-,-,-,-,-

5,YNEQ,0.0e+00,45,44,7.4e-06,1.0e+00,9.9e-01,7.6e-01,8.6e-01,1.1e-05,motif-YNEQ motif-NEQ,"CASSSEETGLSSYNEQFF","TRBV5-1*01","TRBJ2-1","NA","609:scRMFh",1.000000,-,-,-,-,-,-,-,-,-,-,-
5,YNEQ,0.0e+00,45,44,7.4e-06,1.0e+00,9.9e-01,7.6e-01,8.6e-01,1.1e-05,motif-YNEQ motif-NEQ,"CASSYRLAVPYNEQFF","TRBV6-5*01","TRBJ2-1","CAQGTYKYIF","257:scRMFh",1.000000,-,-,-,-,-,-,-,-,-,-,-
5,YNEQ,0.0e+00,45,44,7.4e-06,1.0e+00,9.9e-01,7.6e-01,8.6e-01,1.1e-05,motif-YNEQ motif-NEQ,"CASSAGASGRGGGYNEQFF","TRBV9*01","TRBJ2-1","CAMREGTSGTYKYIF","17:scRMFaml",1.000000,-,-,-,-,-,-,-,-,-,-,-
5,YNEQ,0.0e+00,45,44,7.4e-06,1.0e+00,9.9e-01,7.6e-01,8.6e-01,1.1e-05,motif-YNEQ motif-NEQ,"CASSLLRGGSYNEQFF","TRBV11-3*01","TRBJ2-1","NA","561:scRMFh",1.000000,-,-,-,-,-,-,-,-,-,-,-
5,YNEQ,0.0e+00,45,44,7.4e-06,1.0e+00,9.9e-01,7.6e-01,8.6e-01,1.1e-05,motif-YNEQ motif-NEQ,"CASGEGGPSSYNEQFF","TRBV12-4*01","TRBJ2-1","CAALTGGFKTIF","70:scRMFh",1.000000,-,-,-,-,-,-,-,-,-,-,-
5,YNEQ,0.0e+00,45,44,7.4e-06,1.0e+00,9.9e-01,7.6e-01,8.6e-01,1.1e-05,motif-YNEQ motif-NEQ,"CASSQTPLPPYNEQFF","TRBV4-1*01","TRBJ2-1",NA,"2046:GielisHealthy",1.000000,-,-,-,-,-,-,-,-,-,-,-
5,YNEQ,0.0e+00,45,44,7.4e-06,1.0e+00,9.9e-01,7.6e-01,8.6e-01,1.1e-05,motif-YNEQ motif-NEQ,"CASSSLDSSSYNEQFF","TRBV27*01","TRBJ2-1","CAYSVNNNDMRF","424:scRMFh",1.000000,-,-,-,-,-,-,-,-,-,-,-
5,YNEQ,0.0e+00,45,44,7.4e-06,1.0e+00,9.9e-01,7.6e-01,8.6e-01,1.1e-05,motif-YNEQ motif-NEQ,"CASSQERGGAPSSYNEQFF","TRBV4-2*01","TRBJ2-1","CALTDSWGKLQF","217:scRMFh",1.000000,-,-,-,-,-,-,-,-,-,-,-
5,YNEQ,0.0e+00,45,44,7.4e-06,1.0e+00,9.9e-01,7.6e-01,8.6e-01,1.1e-05,motif-YNEQ motif-NEQ,"CASSLGPPARGGYNEQFF","TRBV7-6*01","TRBJ2-1","CGTEISPYNTDKLIF","429:scRMFh",1.000000,-,-,-,-,-,-,-,-,-,-,-
5,YNEQ,0.0e+00,45,44,7.4e-06,1.0e+00,9.9e-01,7.6e-01,8.6e-01,1.1e-05,motif-YNEQ motif-NEQ,"CASTELQGSSYNEQFF","TRBV6-5*01","TRBJ2-1","CAVNTFDDYKLSF","336:scRMFh",1.000000,-,-,-,-,-,-,-,-,-,-,-
5,YNEQ,0.0e+00,45,44,7.4e-06,1.0e+00,9.9e-01,7.6e-01,8.6e-01,1.1e-05,motif-YNEQ motif-NEQ,"CASSPSRRRTGTYNEQFF","TRBV11-2*01","TRBJ2-1","CAVWSNARLMF","409:scRMFh",1.000000,-,-,-,-,-,-,-,-,-,-,-
5,YNEQ,0.0e+00,45,44,7.4e-06,1.0e+00,9.9e-01,7.6e-01,8.6e-01,1.1e-05,motif-YNEQ motif-NEQ,"CASYPGGQGSYNEQFF","TRBV6-5*01","TRBJ2-1","CAFKRHGYGGSQGNLIF","136:scRMFh",1.000000,-,-,-,-,-,-,-,-,-,-,-
5,YNEQ,0.0e+00,45,44,7.4e-06,1.0e+00,9.9e-01,7.6e-01,8.6e-01,1.1e-05,motif-YNEQ motif-NEQ,"CASSPHPGSRSYNEQFF","TRBV6-2*01","TRBJ2-1","CAVRPGTYKYIF","32:scRMFaml",1.000000,-,-,-,-,-,-,-,-,-,-,-
5,YNEQ,0.0e+00,45,44,7.4e-06,1.0e+00,9.9e-01,7.6e-01,8.6e-01,1.1e-05,motif-YNEQ motif-NEQ,"CASSYLYGLSSYNEQFF","TRBV7-9*03","TRBJ2-1","CASDYGQNFVF","261:scRMFh",1.000000,-,-,-,-,-,-,-,-,-,-,-
5,YNEQ,0.0e+00,45,44,7.4e-06,1.0e+00,9.9e-01,7.6e-01,8.6e-01,1.1e-05,motif-YNEQ motif-NEQ,"CATSDSTSPSSYNEQFF","TRBV24-1*01","TRBJ2-1","CAVTDPPYTGTASKLTF","33:scRMFaml",1.000000,-,-,-,-,-,-,-,-,-,-,-
5,YNEQ,0.0e+00,45,44,7.4e-06,1.0e+00,9.9e-01,7.6e-01,8.6e-01,1.1e-05,motif-YNEQ motif-NEQ,"CASSTLLAGGYNEQFF","TRBV9*01","TRBJ2-1","CAVTDSWGKLQF","394:scRMFh",1.000000,-,-,-,-,-,-,-,-,-,-,-
5,YNEQ,0.0e+00,45,44,7.4e-06,1.0e+00,9.9e-01,7.6e-01,8.6e-01,1.1e-05,motif-YNEQ motif-NEQ,"CASSQGLAGTYNEQFF","TRBV4-1*01","TRBJ2-1","CALSADSGGYQKVTF","192:scRMFh",1.000000,-,-,-,-,-,-,-,-,-,-,-
5,YNEQ,0.0e+00,45,44,7.4e-06,1.0e+00,9.9e-01,7.6e-01,8.6e-01,1.1e-05,motif-YNEQ motif-NEQ,"CASSDSITSSYNEQFF","TRBV6-4*02","TRBJ2-1","CAPLDSNYQLIW","252:scRMFh",1.000000,-,-,-,-,-,-,-,-,-,-,-
5,YNEQ,0.0e+00,45,44,7.4e-06,1.0e+00,9.9e-01,7.6e-01,8.6e-01,1.1e-05,motif-YNEQ motif-NEQ,"CSARVAGEYNEQFF","TRBV20-1*01","TRBJ2-1","CALRRSGAGSYQLTF","190:scRMFh",1.000000,-,-,-,-,-,-,-,-,-,-,-
5,YNEQ,0.0e+00,45,44,7.4e-06,1.0e+00,9.9e-01,7.6e-01,8.6e-01,1.1e-05,motif-YNEQ motif-NEQ,"CASSLVRGVYNEQFF","TRBV5-6*01","TRBJ2-1","NA","572:scRMFh",1.000000,-,-,-,-,-,-,-,-,-,-,-
5,YNEQ,0.0e+00,45,44,7.4e-06,1.0e+00,9.9e-01,7.6e-01,8.6e-01,1.1e-05,motif-YNEQ motif-NEQ,"CASSDEGSYNEQFF","TRBV2*01","TRBJ2-1","NA","520:scRMFh",2.000000,-,-,-,-,-,-,-,-,-,-,-
5,YNEQ,0.0e+00,45,44,7.4e-06,1.0e+00,9.9e-01,7.6e-01,8.6e-01,1.1e-05,motif-YNEQ motif-NEQ,"CASSQSGGTYNEQFF","TRBV5-1*01","TRBJ2-1","CAVRSYSGAGSYQLTF","377:scRMFh",1.000000,-,-,-,-,-,-,-,-,-,-,-
5,YNEQ,0.0e+00,45,44,7.4e-06,1.0e+00,9.9e-01,7.6e-01,8.6e-01,1.1e-05,motif-YNEQ motif-NEQ,"CASRLAGSSYNEQFF","TRBV19*01","TRBJ2-1","CAVDPRGSYIPTF","285:scRMFh",1.000000,-,-,-,-,-,-,-,-,-,-,-
5,YNEQ,0.0e+00,45,44,7.4e-06,1.0e+00,9.9e-01,7.6e-01,8.6e-01,1.1e-05,motif-YNEQ motif-NEQ,"CASTYSGSSYNEQFF","TRBV19*01","TRBJ2-1","CVVASYSGGGADGLTF","467:scRMFh",1.000000,-,-,-,-,-,-,-,-,-,-,-
5,YNEQ,0.0e+00,45,44,7.4e-06,1.0e+00,9.9e-01,7.6e-01,8.6e-01,1.1e-05,motif-YNEQ motif-NEQ,"CSASMGLGRYNEQFF","TRBV20-1*01","TRBJ2-1","CAVSMHRDDKIIF","390:scRMFh",1.000000,-,-,-,-,-,-,-,-,-,-,-
5,YNEQ,0.0e+00,45,44,7.4e-06,1.0e+00,9.9e-01,7.6e-01,8.6e-01,1.1e-05,motif-YNEQ motif-NEQ,"CASSPGGSSYNEQFF","TRBV13*01","TRBJ2-1","CAMREYQGAQKLVF","236:scRMFh",1.000000,-,-,-,-,-,-,-,-,-,-,-
5,YNEQ,0.0e+00,45,44,7.4e-06,1.0e+00,9.9e-01,7.6e-01,8.6e-01,1.1e-05,motif-YNEQ motif-NEQ,"CASSPGTGGYNEQFF","TRBV4-2*01","TRBJ2-1","CAASDSNYQLIW","88:scRMFh",1.000000,-,-,-,-,-,-,-,-,-,-,-
5,YNEQ,0.0e+00,45,44,7.4e-06,1.0e+00,9.9e-01,7.6e-01,8.6e-01,1.1e-05,motif-YNEQ motif-NEQ,"CASSSIAGYNEQFF","TRBV28*01","TRBJ2-1","NA","610:scRMFh",1.000000,-,-,-,-,-,-,-,-,-,-,-
5,YNEQ,0.0e+00,45,44,7.4e-06,1.0e+00,9.9e-01,7.6e-01,8.6e-01,1.1e-05,motif-YNEQ motif-NEQ,"CASSEDSNYNEQFF","TRBV28*01","TRBJ2-1","CAEMGGGSQGNLIF","117:scRMFh",1.000000,-,-,-,-,-,-,-,-,-,-,-
5,YNEQ,0.0e+00,45,44,7.4e-06,1.0e+00,9.9e-01,7.6e-01,8.6e-01,1.1e-05,motif-YNEQ motif-NEQ,"CASGLGFRSYNEQFF","TRBV5-4*01","TRBJ2-1","CLVGEKGYSGGGADGLTF","41:scRMFaml",1.000000,-,-,-,-,-,-,-,-,-,-,-
5,YNEQ,0.0e+00,45,44,7.4e-06,1.0e+00,9.9e-01,7.6e-01,8.6e-01,1.1e-05,motif-YNEQ motif-NEQ,"CASGLGFRSYNEQFF","TRBV5-4*01","TRBJ2-1","NA","47:scRMFaml",1.000000,-,-,-,-,-,-,-,-,-,-,-
5,YNEQ,0.0e+00,45,44,7.4e-06,1.0e+00,9.9e-01,7.6e-01,8.6e-01,1.1e-05,motif-YNEQ motif-NEQ,"CASSLLEGYNEQFF","TRBV28*01","TRBJ2-1","CAVEAGGGADGLTF","286:scRMFh",1.000000,-,-,-,-,-,-,-,-,-,-,-
5,YNEQ,0.0e+00,45,44,7.4e-06,1.0e+00,9.9e-01,7.6e-01,8.6e-01,1.1e-05,motif-YNEQ motif-NEQ,"CASSLGDRAYNEQFF","TRBV5-6*01","TRBJ2-1","NA","554:scRMFh",1.000000,-,-,-,-,-,-,-,-,-,-,-
5,YNEQ,0.0e+00,45,44,7.4e-06,1.0e+00,9.9e-01,7.6e-01,8.6e-01,1.1e-05,motif-YNEQ motif-NEQ,"CASSPGGFNYNEQFF","TRBV3-1*01","TRBJ2-1","NA","53:scRMFaml",1.000000,-,-,-,-,-,-,-,-,-,-,-
5,YNEQ,0.0e+00,45,44,7.4e-06,1.0e+00,9.9e-01,7.6e-01,8.6e-01,1.1e-05,motif-YNEQ motif-NEQ,"CASSQGQSSYNEQFF","TRBV7-2*01","TRBJ2-1","NA","598:scRMFh",1.000000,-,-,-,-,-,-,-,-,-,-,-
5,YNEQ,0.0e+00,45,44,7.4e-06,1.0e+00,9.9e-01,7.6e-01,8.6e-01,1.1e-05,motif-YNEQ motif-NEQ,"CASNEGQVSYNEQFF","TRBV5-1*01","TRBJ2-1","NA","49:scRMFaml",1.000000,-,-,-,-,-,-,-,-,-,-,-
5,YNEQ,0.0e+00,45,44,7.4e-06,1.0e+00,9.9e-01,7.6e-01,8.6e-01,1.1e-05,motif-YNEQ motif-NEQ,"CASSPGQGGYNEQFF","TRBV4-3*01","TRBJ2-1","CAEIKITGRRALTF","6:scRMFaml",1.000000,-,-,-,-,-,-,-,-,-,-,-
5,YNEQ,0.0e+00,45,44,7.4e-06,1.0e+00,9.9e-01,7.6e-01,8.6e-01,1.1e-05,motif-YNEQ motif-NEQ,"CASSLAGETYNEQFF","TRBV11-2*01","TRBJ2-1","CVVTLEASGYALNF","490:scRMFh",1.000000,-,-,-,-,-,-,-,-,-,-,-
5,YNEQ,0.0e+00,45,44,7.4e-06,1.0e+00,9.9e-01,7.6e-01,8.6e-01,1.1e-05,motif-YNEQ motif-NEQ,"CSARQLAEPYNEQFF","TRBV20-1*01","TRBJ2-1",NA,"2051:GielisHealthy",1.000000,-,-,-,-,-,-,-,-,-,-,-
5,YNEQ,0.0e+00,45,44,7.4e-06,1.0e+00,9.9e-01,7.6e-01,8.6e-01,1.1e-05,motif-YNEQ motif-NEQ,"CAWSVLDSYNEQFF","TRBV30*01","TRBJ2-1",NA,"2043:GielisHealthy",1.000000,-,-,-,-,-,-,-,-,-,-,-
5,YNEQ,0.0e+00,45,44,7.4e-06,1.0e+00,9.9e-01,7.6e-01,8.6e-01,1.1e-05,motif-YNEQ motif-NEQ,"CVSHPGGAYNEQFF","TRBV2*01","TRBJ2-1",NA,"2089:GielisHealthy",1.000000,-,-,-,-,-,-,-,-,-,-,-
5,YNEQ,0.0e+00,45,44,7.4e-06,1.0e+00,9.9e-01,7.6e-01,8.6e-01,1.1e-05,motif-YNEQ motif-NEQ,"CASSDRTGGYNEQFF","TRBV11-2*01","TRBJ2-1","NA","522:scRMFh",1.000000,-,-,-,-,-,-,-,-,-,-,-
5,YNEQ,0.0e+00,45,44,7.4e-06,1.0e+00,9.9e-01,7.6e-01,8.6e-01,1.1e-05,motif-YNEQ motif-NEQ,"CAWAGLYNEQFF","TRBV30*01","TRBJ2-1","CAYKEIGGPLVF","416:scRMFh",1.000000,-,-,-,-,-,-,-,-,-,-,-
5,YNEQ,0.0e+00,45,44,7.4e-06,1.0e+00,9.9e-01,7.6e-01,8.6e-01,1.1e-05,motif-YNEQ motif-NEQ,"CASSPVGYNEQFF","TRBV13*01","TRBJ2-1","NA","588:scRMFh",1.000000,-,-,-,-,-,-,-,-,-,-,-
5,YNEQ,0.0e+00,45,44,7.4e-06,1.0e+00,9.9e-01,7.6e-01,8.6e-01,1.1e-05,motif-YNEQ motif-NEQ,"CASRTYNEQFF","TRBV6-5*01","TRBJ2-1","CAYSEGGSEKLVF","422:scRMFh",1.000000,-,-,-,-,-,-,-,-,-,-,-

6,QETQ,0.0e+00,30,29,2.1e-05,1.0e+00,9.8e-01,6.0e-01,9.1e-01,4.0e-05,motif-QETQ,"CASSDNRATQETQYF","TRBV19*01","TRBJ2-5",NA,"2094:GielisHealthy",1.000000,-,-,-,-,-,-,-,-,-,-,-
6,QETQ,0.0e+00,30,29,2.1e-05,1.0e+00,9.8e-01,6.0e-01,9.1e-01,4.0e-05,motif-QETQ,"CASSMSLAGQETQYF","TRBV19*01","TRBJ2-5","CAVPPESSYKLIF","343:scRMFh",1.000000,-,-,-,-,-,-,-,-,-,-,-
6,QETQ,0.0e+00,30,29,2.1e-05,1.0e+00,9.8e-01,6.0e-01,9.1e-01,4.0e-05,motif-QETQ,"CASSPGQLQETQYF","TRBV13*01","TRBJ2-5","CALSEIQANNLFF","12:scRMFaml",1.000000,-,-,-,-,-,-,-,-,-,-,-
6,QETQ,0.0e+00,30,29,2.1e-05,1.0e+00,9.8e-01,6.0e-01,9.1e-01,4.0e-05,motif-QETQ,"CASSYLAEQETQYF","TRBV6-2*01","TRBJ2-5","CAASYNDMRF","104:scRMFh",1.000000,-,-,-,-,-,-,-,-,-,-,-
6,QETQ,0.0e+00,30,29,2.1e-05,1.0e+00,9.8e-01,6.0e-01,9.1e-01,4.0e-05,motif-QETQ,"CASSDDRATQETQYF","TRBV19*01","TRBJ2-5",NA,"2013:GielisHealthy",1.000000,-,-,-,-,-,-,-,-,-,-,-
6,QETQ,0.0e+00,30,29,2.1e-05,1.0e+00,9.8e-01,6.0e-01,9.1e-01,4.0e-05,motif-QETQ,"CASGPYAAEQETQYF","TRBV6-5*01","TRBJ2-5",NA,"2037:GielisHealthy",1.000000,-,-,-,-,-,-,-,-,-,-,-
6,QETQ,0.0e+00,30,29,2.1e-05,1.0e+00,9.8e-01,6.0e-01,9.1e-01,4.0e-05,motif-QETQ,"CATSDLLAGDIQETQYF","TRBV24-1*01","TRBJ2-5",NA,"2040:GielisHealthy",1.000000,-,-,-,-,-,-,-,-,-,-,-
6,QETQ,0.0e+00,30,29,2.1e-05,1.0e+00,9.8e-01,6.0e-01,9.1e-01,4.0e-05,motif-QETQ,"CASSLGAGRQETQYF","TRBV7-2*01","TRBJ2-5","CAGVYNFNKFYF","174:scRMFh",1.000000,-,-,-,-,-,-,-,-,-,-,-
6,QETQ,0.0e+00,30,29,2.1e-05,1.0e+00,9.8e-01,6.0e-01,9.1e-01,4.0e-05,motif-QETQ,"CASSIGLAGSYQETQYF","TRBV19*01","TRBJ2-5","CAALYGNKLVF","72:scRMFh",1.000000,-,-,-,-,-,-,-,-,-,-,-
6,QETQ,0.0e+00,30,29,2.1e-05,1.0e+00,9.8e-01,6.0e-01,9.1e-01,4.0e-05,motif-QETQ,"CASSFSSGVQETQYF","TRBV7-9*01","TRBJ2-5","NA","536:scRMFh",1.000000,-,-,-,-,-,-,-,-,-,-,-
6,QETQ,0.0e+00,30,29,2.1e-05,1.0e+00,9.8e-01,6.0e-01,9.1e-01,4.0e-05,motif-QETQ,"CAISDQEQETQYF","TRBV10-3*01","TRBJ2-5","NA","46:scRMFaml",1.000000,-,-,-,-,-,-,-,-,-,-,-
6,QETQ,0.0e+00,30,29,2.1e-05,1.0e+00,9.8e-01,6.0e-01,9.1e-01,4.0e-05,motif-QETQ,"CASSQSVAQETQYF","TRBV4-3*01","TRBJ2-5","CIVRVVSVEGSRLTF","38:scRMFaml",1.000000,-,-,-,-,-,-,-,-,-,-,-
6,QETQ,0.0e+00,30,29,2.1e-05,1.0e+00,9.8e-01,6.0e-01,9.1e-01,4.0e-05,motif-QETQ,"CSASGVSQETQYF","TRBV20-1*01","TRBJ2-5","NA","638:scRMFh",1.000000,-,-,-,-,-,-,-,-,-,-,-
6,QETQ,0.0e+00,30,29,2.1e-05,1.0e+00,9.8e-01,6.0e-01,9.1e-01,4.0e-05,motif-QETQ,"CAAAGPTQETQYF","TRBV6-2*01","TRBJ2-5","CAVLSGGSYIPTF","319:scRMFh",1.000000,-,-,-,-,-,-,-,-,-,-,-
6,QETQ,0.0e+00,30,29,2.1e-05,1.0e+00,9.8e-01,6.0e-01,9.1e-01,4.0e-05,motif-QETQ,"CASSLLAGTLQETQYF","TRBV5-6*01","TRBJ2-5","CALSGGNTGGFKTIF","208:scRMFh",1.000000,-,-,-,-,-,-,-,-,-,-,-
6,QETQ,0.0e+00,30,29,2.1e-05,1.0e+00,9.8e-01,6.0e-01,9.1e-01,4.0e-05,motif-QETQ,"CASSPYAAEQETQYF","TRBV6-5*01","TRBJ2-5",NA,"2012:GielisHealthy",1.000000,-,-,-,-,-,-,-,-,-,-,-
6,QETQ,0.0e+00,30,29,2.1e-05,1.0e+00,9.8e-01,6.0e-01,9.1e-01,4.0e-05,motif-QETQ,"CASSFHSQETQYF","TRBV5-8*01","TRBJ2-5",NA,"2002:GielisHealthy",1.000000,-,-,-,-,-,-,-,-,-,-,-
6,QETQ,0.0e+00,30,29,2.1e-05,1.0e+00,9.8e-01,6.0e-01,9.1e-01,4.0e-05,motif-QETQ,"CASSLEQGQETQYF","TRBV5-1*01","TRBJ2-5","CAASGNFNKFYF","89:scRMFh",1.000000,-,-,-,-,-,-,-,-,-,-,-
6,QETQ,0.0e+00,30,29,2.1e-05,1.0e+00,9.8e-01,6.0e-01,9.1e-01,4.0e-05,motif-QETQ,"CASSLAIGGYQQETQYF","TRBV5-1*01","TRBJ2-5","CAENISNFGNEKLTF","7:scRMFaml",1.000000,-,-,-,-,-,-,-,-,-,-,-
6,QETQ,0.0e+00,30,29,2.1e-05,1.0e+00,9.8e-01,6.0e-01,9.1e-01,4.0e-05,motif-QETQ,"CASSYLGSQETQYF","TRBV6-5*01","TRBJ2-5","NA","58:scRMFaml",1.000000,-,-,-,-,-,-,-,-,-,-,-
6,QETQ,0.0e+00,30,29,2.1e-05,1.0e+00,9.8e-01,6.0e-01,9.1e-01,4.0e-05,motif-QETQ,"CASRSVPGVYQETQYF","TRBV4-1*01","TRBJ2-5","CAYIGPGTASKLTF","415:scRMFh",1.000000,-,-,-,-,-,-,-,-,-,-,-
6,QETQ,0.0e+00,30,29,2.1e-05,1.0e+00,9.8e-01,6.0e-01,9.1e-01,4.0e-05,motif-QETQ,"CASIPRRGDGQETQYF","TRBV28*01","TRBJ2-5","NA","505:scRMFh",1.000000,-,-,-,-,-,-,-,-,-,-,-
6,QETQ,0.0e+00,30,29,2.1e-05,1.0e+00,9.8e-01,6.0e-01,9.1e-01,4.0e-05,motif-QETQ,"CASSPGGVQETQYF","TRBV9*01","TRBJ2-5","CAVRDSSGNTPLVF","29:scRMFaml",1.000000,-,-,-,-,-,-,-,-,-,-,-
6,QETQ,0.0e+00,30,29,2.1e-05,1.0e+00,9.8e-01,6.0e-01,9.1e-01,4.0e-05,motif-QETQ,"CASSPGGVQETQYF","TRBV7-8*01","TRBJ2-5","CAENSSGGSNYKLTF","122:scRMFh",1.000000,-,-,-,-,-,-,-,-,-,-,-
6,QETQ,0.0e+00,30,29,2.1e-05,1.0e+00,9.8e-01,6.0e-01,9.1e-01,4.0e-05,motif-QETQ,"CASSPRGQGNQETQYF","TRBV4-3*01","TRBJ2-5","CAVQGGSYIPTF","350:scRMFh",1.000000,-,-,-,-,-,-,-,-,-,-,-
6,QETQ,0.0e+00,30,29,2.1e-05,1.0e+00,9.8e-01,6.0e-01,9.1e-01,4.0e-05,motif-QETQ,"CASSQGWASQETQYF","TRBV4-2*01","TRBJ2-5",NA,"2044:GielisHealthy",1.000000,-,-,-,-,-,-,-,-,-,-,-
6,QETQ,0.0e+00,30,29,2.1e-05,1.0e+00,9.8e-01,6.0e-01,9.1e-01,4.0e-05,motif-QETQ,"CASFHSQETQYF","TRBV5-8*01","TRBJ2-5",NA,"2090:GielisHealthy",1.000000,-,-,-,-,-,-,-,-,-,-,-
6,QETQ,0.0e+00,30,29,2.1e-05,1.0e+00,9.8e-01,6.0e-01,9.1e-01,4.0e-05,motif-QETQ,"CSARDRFRGGPSQETQYF","TRBV20-1*01","TRBJ2-5","CTRGGSQGNLIF","464:scRMFh",1.000000,-,-,-,-,-,-,-,-,-,-,-
6,QETQ,0.0e+00,30,29,2.1e-05,1.0e+00,9.8e-01,6.0e-01,9.1e-01,4.0e-05,motif-QETQ,"CASSLPRTSGRAPQETQYF","TRBV5-1*01","TRBJ2-5","CAESHPRGGYQKVTF","124:scRMFh",2.000000,-,-,-,-,-,-,-,-,-,-,-
6,QETQ,0.0e+00,30,29,2.1e-05,1.0e+00,9.8e-01,6.0e-01,9.1e-01,4.0e-05,motif-QETQ,"CASATQETQYF","TRBV2*01","TRBJ2-5","NA","498:scRMFh",1.000000,-,-,-,-,-,-,-,-,-,-,-

7,GYEQ,0.0e+00,17,17,3.3e-05,1.0e+00,3.7e-01,1.0e+00,9.3e-01,9.5e-05,motif-YEQ motif-GYEQ,"CASREGYEQYF","TRBV6-2*01","TRBJ2-7","NA","512:scRMFh",1.000000,-,-,-,-,-,-,-,-,-,-,-
7,GYEQ,0.0e+00,17,17,3.3e-05,1.0e+00,3.7e-01,1.0e+00,9.3e-01,9.5e-05,motif-YEQ motif-GYEQ,"CVSSFEGGYEQSF","TRBV5-4*01","TRBJ2-1",NA,"2079:GielisHealthy",1.000000,-,-,-,-,-,-,-,-,-,-,-
7,GYEQ,0.0e+00,17,17,3.3e-05,1.0e+00,3.7e-01,1.0e+00,9.3e-01,9.5e-05,motif-YEQ motif-GYEQ,"CASGYEQYF","TRBV27*01","TRBJ2-7","NA","503:scRMFh",1.000000,-,-,-,-,-,-,-,-,-,-,-
7,GYEQ,0.0e+00,17,17,3.3e-05,1.0e+00,3.7e-01,1.0e+00,9.3e-01,9.5e-05,motif-YEQ motif-GYEQ,"CASSPQGYEQYF","TRBV18*01","TRBJ2-7","CVVSEATDSWGKLQF","45:scRMFaml",1.000000,-,-,-,-,-,-,-,-,-,-,-
7,GYEQ,0.0e+00,17,17,3.3e-05,1.0e+00,3.7e-01,1.0e+00,9.3e-01,9.5e-05,motif-YEQ motif-GYEQ,"CASSFESGYEQFF","TRBV5-4*01","TRBJ2-1",NA,"2003:GielisHealthy",1.000000,-,-,-,-,-,-,-,-,-,-,-
7,GYEQ,0.0e+00,17,17,3.3e-05,1.0e+00,3.7e-01,1.0e+00,9.3e-01,9.5e-05,motif-YEQ motif-GYEQ,"CASSVGGYEQYF","TRBV6-1*01","TRBJ2-7","CAVAPPNDYKLSF","279:scRMFh",1.000000,-,-,-,-,-,-,-,-,-,-,-
7,GYEQ,0.0e+00,17,17,3.3e-05,1.0e+00,3.7e-01,1.0e+00,9.3e-01,9.5e-05,motif-YEQ motif-GYEQ,"CASSYGQGGYEQYF","TRBV6-5*01","TRBJ2-7","CAVGPIPRNDYNTNAGKSTF","303:scRMFh",1.000000,-,-,-,-,-,-,-,-,-,-,-
7,GYEQ,0.0e+00,17,17,3.3e-05,1.0e+00,3.7e-01,1.0e+00,9.3e-01,9.5e-05,motif-YEQ motif-GYEQ,"CASSQAPGGYEQYF","TRBV3-1*01","TRBJ2-7","NA","591:scRMFh",1.000000,-,-,-,-,-,-,-,-,-,-,-
7,GYEQ,0.0e+00,17,17,3.3e-05,1.0e+00,3.7e-01,1.0e+00,9.3e-01,9.5e-05,motif-YEQ motif-GYEQ,"CASSLVGSGGYEQYV","TRBV27*01","TRBJ2-7","CAFIRRTGANNLFF","135:scRMFh",1.000000,-,-,-,-,-,-,-,-,-,-,-
7,GYEQ,0.0e+00,17,17,3.3e-05,1.0e+00,3.7e-01,1.0e+00,9.3e-01,9.5e-05,motif-YEQ motif-GYEQ,"CASSGPGTSGYEQYF","TRBV9*01","TRBJ2-7","CAASDGGSNYKLTF","87:scRMFh",1.000000,-,-,-,-,-,-,-,-,-,-,-
7,GYEQ,0.0e+00,17,17,3.3e-05,1.0e+00,3.7e-01,1.0e+00,9.3e-01,9.5e-05,motif-YEQ motif-GYEQ,"CASSPLDSLGYEQYF","TRBV27*01","TRBJ2-7","CLVGDILGGYQKVTF","458:scRMFh",1.000000,-,-,-,-,-,-,-,-,-,-,-
7,GYEQ,0.0e+00,17,17,3.3e-05,1.0e+00,3.7e-01,1.0e+00,9.3e-01,9.5e-05,motif-YEQ motif-GYEQ,"CASSYLGTSGGYEQYF","TRBV6-5*01","TRBJ2-7","CAGQLRGGGADGLTF","165:scRMFh",1.000000,-,-,-,-,-,-,-,-,-,-,-
7,GYEQ,0.0e+00,17,17,3.3e-05,1.0e+00,3.7e-01,1.0e+00,9.3e-01,9.5e-05,motif-YEQ motif-GYEQ,"CASRGEGRGYEQYF","TRBV28*01","TRBJ2-7","CVVIEGGRRALTF","471:scRMFh",1.000000,-,-,-,-,-,-,-,-,-,-,-
7,GYEQ,0.0e+00,17,17,3.3e-05,1.0e+00,3.7e-01,1.0e+00,9.3e-01,9.5e-05,motif-YEQ motif-GYEQ,"CASSLAGVGYEQYV","TRBV11-1*01","TRBJ2-7","NA","552:scRMFh",1.000000,-,-,-,-,-,-,-,-,-,-,-
7,GYEQ,0.0e+00,17,17,3.3e-05,1.0e+00,3.7e-01,1.0e+00,9.3e-01,9.5e-05,motif-YEQ motif-GYEQ,"CASTPGPRGYEQYF","TRBV12-3*01","TRBJ2-7","CAFEPSYSGAGSYQLTF","132:scRMFh",1.000000,-,-,-,-,-,-,-,-,-,-,-
7,GYEQ,0.0e+00,17,17,3.3e-05,1.0e+00,3.7e-01,1.0e+00,9.3e-01,9.5e-05,motif-YEQ motif-GYEQ,"CASSEAIRVGYEQYF","TRBV6-1*01","TRBJ2-7","NA","523:scRMFh",1.000000,-,-,-,-,-,-,-,-,-,-,-
7,GYEQ,0.0e+00,17,17,3.3e-05,1.0e+00,3.7e-01,1.0e+00,9.3e-01,9.5e-05,motif-YEQ motif-GYEQ,"CASSSGTRQAASGYEQYF","TRBV28*01","TRBJ2-7","CAESPNSGNTPLVF","129:scRMFh",1.000000,-,-,-,-,-,-,-,-,-,-,-

8,NTEA,0.0e+00,41,41,9.7e-07,1.0e+00,9.6e-01,5.2e-01,6.3e-02,3.0e-05,motif-NTEA,"CASSLVTPMNTEAFF","TRBV5-6*01","TRBJ1-1","CAMREDRLSPGGSYIPTF","226:scRMFh",1.000000,-,-,-,-,-,-,-,-,-,-,-
8,NTEA,0.0e+00,41,41,9.7e-07,1.0e+00,9.6e-01,5.2e-01,6.3e-02,3.0e-05,motif-NTEA,"CASSRRDRGNTEAFF","TRBV9*01","TRBJ1-1",NA,"2057:GielisHealthy",1.000000,-,-,-,-,-,-,-,-,-,-,-
8,NTEA,0.0e+00,41,41,9.7e-07,1.0e+00,9.6e-01,5.2e-01,6.3e-02,3.0e-05,motif-NTEA,"CSARDLTVIRGNTEAFF","TRBV20-1*01","TRBJ1-1","CAMSEGGAQKLVF","240:scRMFh",1.000000,-,-,-,-,-,-,-,-,-,-,-
8,NTEA,0.0e+00,41,41,9.7e-07,1.0e+00,9.6e-01,5.2e-01,6.3e-02,3.0e-05,motif-NTEA,"CSAPWLARDVLNTEAFF","TRBV20-1*01","TRBJ1-1",NA,"2029:GielisHealthy",1.000000,-,-,-,-,-,-,-,-,-,-,-
8,NTEA,0.0e+00,41,41,9.7e-07,1.0e+00,9.6e-01,5.2e-01,6.3e-02,3.0e-05,motif-NTEA,"CASRRQGMNTEAFF","TRBV27*01","TRBJ1-1","CAVKGDYKLSF","315:scRMFh",1.000000,-,-,-,-,-,-,-,-,-,-,-
8,NTEA,0.0e+00,41,41,9.7e-07,1.0e+00,9.6e-01,5.2e-01,6.3e-02,3.0e-05,motif-NTEA,"CASSPRGLNTEAFF","TRBV14*01","TRBJ1-1","CAASWSSGTYKYIF","103:scRMFh",1.000000,-,-,-,-,-,-,-,-,-,-,-
8,NTEA,0.0e+00,41,41,9.7e-07,1.0e+00,9.6e-01,5.2e-01,6.3e-02,3.0e-05,motif-NTEA,"CASTLSGNTEAFF","TRBV19*01","TRBJ1-1","NA","627:scRMFh",1.000000,-,-,-,-,-,-,-,-,-,-,-
8,NTEA,0.0e+00,41,41,9.7e-07,1.0e+00,9.6e-01,5.2e-01,6.3e-02,3.0e-05,motif-NTEA,"CSAYLQGNTEAFF","TRBV20-1*01","TRBJ1-1",NA,"2074:GielisHealthy",1.000000,-,-,-,-,-,-,-,-,-,-,-
8,NTEA,0.0e+00,41,41,9.7e-07,1.0e+00,9.6e-01,5.2e-01,6.3e-02,3.0e-05,motif-NTEA,"CAARGGLNTEAFF","TRBV11-2*01","TRBJ1-1","CAVRDDKIIF","354:scRMFh",1.000000,-,-,-,-,-,-,-,-,-,-,-
8,NTEA,0.0e+00,41,41,9.7e-07,1.0e+00,9.6e-01,5.2e-01,6.3e-02,3.0e-05,motif-NTEA,"CASSQTANTEAFF","TRBV27*01","TRBJ1-1","CATLSGAGSYQLTF","22:scRMFaml",1.000000,-,-,-,-,-,-,-,-,-,-,-
8,NTEA,0.0e+00,41,41,9.7e-07,1.0e+00,9.6e-01,5.2e-01,6.3e-02,3.0e-05,motif-NTEA,"CASSSPRTGGNTEAFF","TRBV6-5*01","TRBJ1-1","CAMREGGNTPLVF","227:scRMFh",1.000000,-,-,-,-,-,-,-,-,-,-,-
8,NTEA,0.0e+00,41,41,9.7e-07,1.0e+00,9.6e-01,5.2e-01,6.3e-02,3.0e-05,motif-NTEA,"CASNPRDRGINTEAFF","TRBV19*01","TRBJ1-1","CAFFTNFGNEKLTF","134:scRMFh",1.000000,-,-,-,-,-,-,-,-,-,-,-
8,NTEA,0.0e+00,41,41,9.7e-07,1.0e+00,9.6e-01,5.2e-01,6.3e-02,3.0e-05,motif-NTEA,"CSVDRQGIIGMNTEAFF","TRBV29-1*01","TRBJ1-1","CVVNDPDKLIF","474:scRMFh",1.000000,-,-,-,-,-,-,-,-,-,-,-
8,NTEA,0.0e+00,41,41,9.7e-07,1.0e+00,9.6e-01,5.2e-01,6.3e-02,3.0e-05,motif-NTEA,"CASRPGENTEAFF","TRBV7-6*01","TRBJ1-1","CAAARYNNNDMRF","60:scRMFh",1.000000,-,-,-,-,-,-,-,-,-,-,-
8,NTEA,0.0e+00,41,41,9.7e-07,1.0e+00,9.6e-01,5.2e-01,6.3e-02,3.0e-05,motif-NTEA,"CASSGHEGLNTEAFF","TRBV25-1*01","TRBJ1-1","CAYRSEGTSGSRLTF","420:scRMFh",1.000000,-,-,-,-,-,-,-,-,-,-,-
8,NTEA,0.0e+00,41,41,9.7e-07,1.0e+00,9.6e-01,5.2e-01,6.3e-02,3.0e-05,motif-NTEA,"CASSLSRANTEAFF","TRBV7-6*01","TRBJ1-1","NA","567:scRMFh",1.000000,-,-,-,-,-,-,-,-,-,-,-
8,NTEA,0.0e+00,41,41,9.7e-07,1.0e+00,9.6e-01,5.2e-01,6.3e-02,3.0e-05,motif-NTEA,"CASSRQGALNTEAFF","TRBV14*01","TRBJ1-1","CAVSGTYKYIF","388:scRMFh",1.000000,-,-,-,-,-,-,-,-,-,-,-
8,NTEA,0.0e+00,41,41,9.7e-07,1.0e+00,9.6e-01,5.2e-01,6.3e-02,3.0e-05,motif-NTEA,"CASSDGHLNTEAFF","TRBV2*01","TRBJ1-1","CAVGGGSEKLVF","296:scRMFh",1.000000,-,-,-,-,-,-,-,-,-,-,-
8,NTEA,0.0e+00,41,41,9.7e-07,1.0e+00,9.6e-01,5.2e-01,6.3e-02,3.0e-05,motif-NTEA,"CASRETGNTEAFF","TRBV27*01","TRBJ1-1","CAFMDYNDMRF","137:scRMFh",1.000000,-,-,-,-,-,-,-,-,-,-,-
8,NTEA,0.0e+00,41,41,9.7e-07,1.0e+00,9.6e-01,5.2e-01,6.3e-02,3.0e-05,motif-NTEA,"CASRPPRGENTEAFF","TRBV19*01","TRBJ1-1","CAVTGVKAAGNKLTF","398:scRMFh",1.000000,-,-,-,-,-,-,-,-,-,-,-
8,NTEA,0.0e+00,41,41,9.7e-07,1.0e+00,9.6e-01,5.2e-01,6.3e-02,3.0e-05,motif-NTEA,"CASSPWGGVNTEAFF","TRBV27*01","TRBJ1-1","NA","589:scRMFh",1.000000,-,-,-,-,-,-,-,-,-,-,-
8,NTEA,0.0e+00,41,41,9.7e-07,1.0e+00,9.6e-01,5.2e-01,6.3e-02,3.0e-05,motif-NTEA,"CASSQDRWDLNTEAFF","TRBV4-3*01","TRBJ1-1","NA","592:scRMFh",1.000000,-,-,-,-,-,-,-,-,-,-,-
8,NTEA,0.0e+00,41,41,9.7e-07,1.0e+00,9.6e-01,5.2e-01,6.3e-02,3.0e-05,motif-NTEA,"CASSPTGVLNTEAFF","TRBV7-6*01","TRBJ1-1","CALTFFGNEKLTF","14:scRMFaml",1.000000,-,-,-,-,-,-,-,-,-,-,-
8,NTEA,0.0e+00,41,41,9.7e-07,1.0e+00,9.6e-01,5.2e-01,6.3e-02,3.0e-05,motif-NTEA,"CASRAVGLGNTEAFF","TRBV5-5*02","TRBJ1-1","CAVREEGGSYIPTF","30:scRMFaml",3.000000,-,-,-,-,-,-,-,-,-,-,-
8,NTEA,0.0e+00,41,41,9.7e-07,1.0e+00,9.6e-01,5.2e-01,6.3e-02,3.0e-05,motif-NTEA,"CSANKGTAQNTEAFF","TRBV20-1*01","TRBJ1-1","CAVGLYNFNKFYF","301:scRMFh",1.000000,-,-,-,-,-,-,-,-,-,-,-
8,NTEA,0.0e+00,41,41,9.7e-07,1.0e+00,9.6e-01,5.2e-01,6.3e-02,3.0e-05,motif-NTEA,"CASSETQVLNTEAFF","TRBV4-3*01","TRBJ1-1","CLVDSGNTPLVF","454:scRMFh",1.000000,-,-,-,-,-,-,-,-,-,-,-
8,NTEA,0.0e+00,41,41,9.7e-07,1.0e+00,9.6e-01,5.2e-01,6.3e-02,3.0e-05,motif-NTEA,"CSARAGTTKNTEAFF","TRBV20-1*01","TRBJ1-1","CAVGPLDSSYKLIF","304:scRMFh",1.000000,-,-,-,-,-,-,-,-,-,-,-
8,NTEA,0.0e+00,41,41,9.7e-07,1.0e+00,9.6e-01,5.2e-01,6.3e-02,3.0e-05,motif-NTEA,"CASGSGYMNTEAFF","TRBV12-5*01","TRBJ1-1","CAYEGDDMRF","413:scRMFh",1.000000,-,-,-,-,-,-,-,-,-,-,-
8,NTEA,0.0e+00,41,41,9.7e-07,1.0e+00,9.6e-01,5.2e-01,6.3e-02,3.0e-05,motif-NTEA,"CASSLYAGNTEAFF","TRBV12-4*01","TRBJ1-1","CATVSYSGGYQKVTF","277:scRMFh",1.000000,-,-,-,-,-,-,-,-,-,-,-
8,NTEA,0.0e+00,41,41,9.7e-07,1.0e+00,9.6e-01,5.2e-01,6.3e-02,3.0e-05,motif-NTEA,"CASSSPENTEAFF","TRBV13*01","TRBJ1-1","CAVVDDETSGSRLTF","405:scRMFh",1.000000,-,-,-,-,-,-,-,-,-,-,-
8,NTEA,0.0e+00,41,41,9.7e-07,1.0e+00,9.6e-01,5.2e-01,6.3e-02,3.0e-05,motif-NTEA,"CASRLDWGELNTEAFF","TRBV6-5*01","TRBJ1-1","CAALTSGGTSYGKLTF","71:scRMFh",1.000000,-,-,-,-,-,-,-,-,-,-,-
8,NTEA,0.0e+00,41,41,9.7e-07,1.0e+00,9.6e-01,5.2e-01,6.3e-02,3.0e-05,motif-NTEA,"CASSYSTGSPGNTEAFF","TRBV6-5*01","TRBJ1-1","CALSEEYNNAGNMLTF","201:scRMFh",1.000000,-,-,-,-,-,-,-,-,-,-,-
8,NTEA,0.0e+00,41,41,9.7e-07,1.0e+00,9.6e-01,5.2e-01,6.3e-02,3.0e-05,motif-NTEA,"CASSPGMNTEAFF","TRBV3-1*01","TRBJ1-1","CAVNGDDYKLSF","328:scRMFh",1.000000,-,-,-,-,-,-,-,-,-,-,-
8,NTEA,0.0e+00,41,41,9.7e-07,1.0e+00,9.6e-01,5.2e-01,6.3e-02,3.0e-05,motif-NTEA,"CASNLDRGNTEAFF","TRBV28*01","TRBJ1-1","NA","50:scRMFaml",1.000000,-,-,-,-,-,-,-,-,-,-,-
8,NTEA,0.0e+00,41,41,9.7e-07,1.0e+00,9.6e-01,5.2e-01,6.3e-02,3.0e-05,motif-NTEA,"CASSLVGSVLPMNTEAFF","TRBV5-5*01","TRBJ1-1","CALRGAGGTSYGKLTF","188:scRMFh",1.000000,-,-,-,-,-,-,-,-,-,-,-
8,NTEA,0.0e+00,41,41,9.7e-07,1.0e+00,9.6e-01,5.2e-01,6.3e-02,3.0e-05,motif-NTEA,"CASSLDPYYRGLNTEAFF","TRBV11-2*01","TRBJ1-1","CAVGALSGNTPLVF","292:scRMFh",1.000000,-,-,-,-,-,-,-,-,-,-,-
8,NTEA,0.0e+00,41,41,9.7e-07,1.0e+00,9.6e-01,5.2e-01,6.3e-02,3.0e-05,motif-NTEA,"CSASDSNTEAFF","TRBV20-1*04","TRBJ1-1","CAVRGLYSSASKIIF","367:scRMFh",1.000000,-,-,-,-,-,-,-,-,-,-,-
8,NTEA,0.0e+00,41,41,9.7e-07,1.0e+00,9.6e-01,5.2e-01,6.3e-02,3.0e-05,motif-NTEA,"CASSPRNTEAFF","TRBV5-6*01","TRBJ1-1","NA","585:scRMFh",1.000000,-,-,-,-,-,-,-,-,-,-,-
8,NTEA,0.0e+00,41,41,9.7e-07,1.0e+00,9.6e-01,5.2e-01,6.3e-02,3.0e-05,motif-NTEA,"CASSGMNTEAFF","TRBV6-5*01","TRBJ1-1","NA","537:scRMFh",1.000000,-,-,-,-,-,-,-,-,-,-,-
8,NTEA,0.0e+00,41,41,9.7e-07,1.0e+00,9.6e-01,5.2e-01,6.3e-02,3.0e-05,motif-NTEA,"CASSLGNTEAFF","TRBV5-4*01","TRBJ1-1","CAVREDNDYKLSF","363:scRMFh",1.000000,-,-,-,-,-,-,-,-,-,-,-
8,NTEA,0.0e+00,41,41,9.7e-07,1.0e+00,9.6e-01,5.2e-01,6.3e-02,3.0e-05,motif-NTEA,"CSVGTDNTEAFF","TRBV29-1*01","TRBJ1-1","NA","644:scRMFh",1.000000,-,-,-,-,-,-,-,-,-,-,-

9,NQPQ,0.0e+00,34,34,5.5e-06,1.0e+00,5.3e-01,4.0e-01,7.4e-01,3.4e-05,motif-NQPQ,"CASSISGGNQPQHF","TRBV19*01","TRBJ1-5","CSDSDYKLSF","462:scRMFh",1.000000,-,-,-,-,-,-,-,-,-,-,-
9,NQPQ,0.0e+00,34,34,5.5e-06,1.0e+00,5.3e-01,4.0e-01,7.4e-01,3.4e-05,motif-NQPQ,"CASVLGGNQPQHF","TRBV6-2*01","TRBJ1-5","CLVGDNTGKLIF","39:scRMFaml",1.000000,-,-,-,-,-,-,-,-,-,-,-
9,NQPQ,0.0e+00,34,34,5.5e-06,1.0e+00,5.3e-01,4.0e-01,7.4e-01,3.4e-05,motif-NQPQ,"CASSLAADSNQPQHF","TRBV7-9*03","TRBJ1-5","CAVRGGNTGFQKLVF","365:scRMFh",1.000000,-,-,-,-,-,-,-,-,-,-,-
9,NQPQ,0.0e+00,34,34,5.5e-06,1.0e+00,5.3e-01,4.0e-01,7.4e-01,3.4e-05,motif-NQPQ,"CAISDSKGGNQPQHF","TRBV10-3*01","TRBJ1-5","CASKWRAGSYQLTF","19:scRMFaml",1.000000,-,-,-,-,-,-,-,-,-,-,-
9,NQPQ,0.0e+00,34,34,5.5e-06,1.0e+00,5.3e-01,4.0e-01,7.4e-01,3.4e-05,motif-NQPQ,"CASSPGTSSNQPQHF","TRBV6-2*01","TRBJ1-5","CALSEAGNYGQNFVF","195:scRMFh",1.000000,-,-,-,-,-,-,-,-,-,-,-
9,NQPQ,0.0e+00,34,34,5.5e-06,1.0e+00,5.3e-01,4.0e-01,7.4e-01,3.4e-05,motif-NQPQ,"CASSLGTGGNQPQHF","TRBV5-1*01","TRBJ1-5","CAVQGDNNARLMF","349:scRMFh",1.000000,-,-,-,-,-,-,-,-,-,-,-
9,NQPQ,0.0e+00,34,34,5.5e-06,1.0e+00,5.3e-01,4.0e-01,7.4e-01,3.4e-05,motif-NQPQ,"CASSQQNQPQHF","TRBV12-4*01","TRBJ1-5","CAVRSYDKVIF","376:scRMFh",1.000000,-,-,-,-,-,-,-,-,-,-,-
9,NQPQ,0.0e+00,34,34,5.5e-06,1.0e+00,5.3e-01,4.0e-01,7.4e-01,3.4e-05,motif-NQPQ,"CASSTTGDNQPQHF","TRBV28*01","TRBJ1-5","NA","616:scRMFh",1.000000,-,-,-,-,-,-,-,-,-,-,-
9,NQPQ,0.0e+00,34,34,5.5e-06,1.0e+00,5.3e-01,4.0e-01,7.4e-01,3.4e-05,motif-NQPQ,"CASSSTGLNQPQHF","TRBV7-8*01","TRBJ1-5","NA","614:scRMFh",1.000000,-,-,-,-,-,-,-,-,-,-,-
9,NQPQ,0.0e+00,34,34,5.5e-06,1.0e+00,5.3e-01,4.0e-01,7.4e-01,3.4e-05,motif-NQPQ,"CAAVGFGSNQPQHF","TRBV6-1*01","TRBJ1-5","CAERAGGFKTIF","123:scRMFh",1.000000,-,-,-,-,-,-,-,-,-,-,-
9,NQPQ,0.0e+00,34,34,5.5e-06,1.0e+00,5.3e-01,4.0e-01,7.4e-01,3.4e-05,motif-NQPQ,"CASSLTGGNQPQHF","TRBV5-1*01","TRBJ1-5","CLVGDEDGGTSYGKLTF","456:scRMFh",1.000000,-,-,-,-,-,-,-,-,-,-,-
9,NQPQ,0.0e+00,34,34,5.5e-06,1.0e+00,5.3e-01,4.0e-01,7.4e-01,3.4e-05,motif-NQPQ,"CASSLGDGNQPQHF","TRBV12-4*01","TRBJ1-5","CAVSPYGGATNKLIF","391:scRMFh",1.000000,-,-,-,-,-,-,-,-,-,-,-
9,NQPQ,0.0e+00,34,34,5.5e-06,1.0e+00,5.3e-01,4.0e-01,7.4e-01,3.4e-05,motif-NQPQ,"CASSLTASNQPQHF","TRBV12-4*01","TRBJ1-5","CAPGGGSQGNLIF","249:scRMFh",1.000000,-,-,-,-,-,-,-,-,-,-,-
9,NQPQ,0.0e+00,34,34,5.5e-06,1.0e+00,5.3e-01,4.0e-01,7.4e-01,3.4e-05,motif-NQPQ,"CASSQEGGNSNQPQHF","TRBV4-1*01","TRBJ1-5","CASTSGTYKYIF","20:scRMFaml",1.000000,-,-,-,-,-,-,-,-,-,-,-
9,NQPQ,0.0e+00,34,34,5.5e-06,1.0e+00,5.3e-01,4.0e-01,7.4e-01,3.4e-05,motif-NQPQ,"CASSAGDSNQPQHF","TRBV2*01","TRBJ1-5","NA","517:scRMFh",1.000000,-,-,-,-,-,-,-,-,-,-,-
9,NQPQ,0.0e+00,34,34,5.5e-06,1.0e+00,5.3e-01,4.0e-01,7.4e-01,3.4e-05,motif-NQPQ,"CAIKDSGGYSNQPQHF","TRBV6-1*01","TRBJ1-5","NA","492:scRMFh",1.000000,-,-,-,-,-,-,-,-,-,-,-
9,NQPQ,0.0e+00,34,34,5.5e-06,1.0e+00,5.3e-01,4.0e-01,7.4e-01,3.4e-05,motif-NQPQ,"CASSAGYGNSNQPQHF","TRBV2*01","TRBJ1-5","CAYRSPMDGQKLLF","421:scRMFh",1.000000,-,-,-,-,-,-,-,-,-,-,-
9,NQPQ,0.0e+00,34,34,5.5e-06,1.0e+00,5.3e-01,4.0e-01,7.4e-01,3.4e-05,motif-NQPQ,"CASSRGTGNQPQHF","TRBV5-1*01","TRBJ1-5","CAYRRAGNQFYF","418:scRMFh",1.000000,-,-,-,-,-,-,-,-,-,-,-
9,NQPQ,0.0e+00,34,34,5.5e-06,1.0e+00,5.3e-01,4.0e-01,7.4e-01,3.4e-05,motif-NQPQ,"CASSLEVFYSNQPQHF","TRBV5-8*01","TRBJ1-5","CAVRDNAGNMLTF","358:scRMFh",1.000000,-,-,-,-,-,-,-,-,-,-,-
9,NQPQ,0.0e+00,34,34,5.5e-06,1.0e+00,5.3e-01,4.0e-01,7.4e-01,3.4e-05,motif-NQPQ,"CASSIGRYSNQPQHF","TRBV19*01","TRBJ1-5","CALGGSTLGRLYF","180:scRMFh",1.000000,-,-,-,-,-,-,-,-,-,-,-
9,NQPQ,0.0e+00,34,34,5.5e-06,1.0e+00,5.3e-01,4.0e-01,7.4e-01,3.4e-05,motif-NQPQ,"CSATRTARNQPQHF","TRBV20-1*01","TRBJ1-5","CASLAGGKLIF","262:scRMFh",2.000000,-,-,-,-,-,-,-,-,-,-,-
9,NQPQ,0.0e+00,34,34,5.5e-06,1.0e+00,5.3e-01,4.0e-01,7.4e-01,3.4e-05,motif-NQPQ,"CSASGGFVNQPQHF","TRBV20-1*01","TRBJ1-5","CAVWGYQLTF","408:scRMFh",1.000000,-,-,-,-,-,-,-,-,-,-,-
9,NQPQ,0.0e+00,34,34,5.5e-06,1.0e+00,5.3e-01,4.0e-01,7.4e-01,3.4e-05,motif-NQPQ,"CASSYLGAEGNQPQHF","TRBV6-2*01","TRBJ1-5","CARRSARQLTF","260:scRMFh",1.000000,-,-,-,-,-,-,-,-,-,-,-
9,NQPQ,0.0e+00,34,34,5.5e-06,1.0e+00,5.3e-01,4.0e-01,7.4e-01,3.4e-05,motif-NQPQ,"CSAARGPFGNQPQHF","TRBV20-1*01","TRBJ1-5","CAASPHSNYQLIW","96:scRMFh",1.000000,-,-,-,-,-,-,-,-,-,-,-
9,NQPQ,0.0e+00,34,34,5.5e-06,1.0e+00,5.3e-01,4.0e-01,7.4e-01,3.4e-05,motif-NQPQ,"CASSVEERNQPQHF","TRBV19*01","TRBJ1-5","CAVRAYYKLSF","353:scRMFh",1.000000,-,-,-,-,-,-,-,-,-,-,-
9,NQPQ,0.0e+00,34,34,5.5e-06,1.0e+00,5.3e-01,4.0e-01,7.4e-01,3.4e-05,motif-NQPQ,"CASSPPKQGSNQPQHF","TRBV18*01","TRBJ1-5","CILRPPLRGTNSKLTF","437:scRMFh",2.000000,-,-,-,-,-,-,-,-,-,-,-
9,NQPQ,0.0e+00,34,34,5.5e-06,1.0e+00,5.3e-01,4.0e-01,7.4e-01,3.4e-05,motif-NQPQ,"CASSLLNRDTGNQPQHF","TRBV7-9*01","TRBJ1-5",NA,"2028:GielisHealthy",1.000000,-,-,-,-,-,-,-,-,-,-,-
9,NQPQ,0.0e+00,34,34,5.5e-06,1.0e+00,5.3e-01,4.0e-01,7.4e-01,3.4e-05,motif-NQPQ,"CASSMGQGVAFNQPQHF","TRBV19*01","TRBJ1-5","NA","575:scRMFh",1.000000,-,-,-,-,-,-,-,-,-,-,-
9,NQPQ,0.0e+00,34,34,5.5e-06,1.0e+00,5.3e-01,4.0e-01,7.4e-01,3.4e-05,motif-NQPQ,"CASSLLNWDTGNQPQHF","TRBV7-9*01","TRBJ1-5",NA,"2053:GielisHealthy",1.000000,-,-,-,-,-,-,-,-,-,-,-
9,NQPQ,0.0e+00,34,34,5.5e-06,1.0e+00,5.3e-01,4.0e-01,7.4e-01,3.4e-05,motif-NQPQ,"CASSIPPGLVWNQPQHF","TRBV28*01","TRBJ1-5","NA","546:scRMFh",1.000000,-,-,-,-,-,-,-,-,-,-,-
9,NQPQ,0.0e+00,34,34,5.5e-06,1.0e+00,5.3e-01,4.0e-01,7.4e-01,3.4e-05,motif-NQPQ,"CASSPSLGQASNQPQHF","TRBV18*01","TRBJ1-5","CALSEAPGSQGNLIF","196:scRMFh",1.000000,-,-,-,-,-,-,-,-,-,-,-
9,NQPQ,0.0e+00,34,34,5.5e-06,1.0e+00,5.3e-01,4.0e-01,7.4e-01,3.4e-05,motif-NQPQ,"CASSLLNWDTDNQPQHF","TRBV7-9*01","TRBJ1-5",NA,"2080:GielisHealthy",1.000000,-,-,-,-,-,-,-,-,-,-,-
9,NQPQ,0.0e+00,34,34,5.5e-06,1.0e+00,5.3e-01,4.0e-01,7.4e-01,3.4e-05,motif-NQPQ,"CSARDQGQGMGHSNQPQHF","TRBV20-1*04","TRBJ1-5","CAVRDNSGGSYIPTF","359:scRMFh",1.000000,-,-,-,-,-,-,-,-,-,-,-
9,NQPQ,0.0e+00,34,34,5.5e-06,1.0e+00,5.3e-01,4.0e-01,7.4e-01,3.4e-05,motif-NQPQ,"CATSDATGTGAGGGNQPQHF","TRBV24-1*01","TRBJ1-5","CASTGSARQLTF","267:scRMFh",1.000000,-,-,-,-,-,-,-,-,-,-,-

10,GNEQ,1.4e-44,17,16,8.3e-07,1.0e+00,5.0e-01,8.3e-02,2.4e-01,8.6e-05,motif-GNEQ motif-NEQ,"CASSLRGNEQFF","TRBV27*01","TRBJ2-1","CAGGGVDTGRRALTF","152:scRMFh",1.000000,-,-,-,-,-,-,-,-,-,-,-
10,GNEQ,1.4e-44,17,16,8.3e-07,1.0e+00,5.0e-01,8.3e-02,2.4e-01,8.6e-05,motif-GNEQ motif-NEQ,"CASSQPSGNEQFF","TRBV4-3*01","TRBJ2-1","CAASDGDYKLSF","86:scRMFh",1.000000,-,-,-,-,-,-,-,-,-,-,-
10,GNEQ,1.4e-44,17,16,8.3e-07,1.0e+00,5.0e-01,8.3e-02,2.4e-01,8.6e-05,motif-GNEQ motif-NEQ,"CASSPRSVGNEQFF","TRBV4-3*01","TRBJ2-1","CAGLGEYGNKLVF","158:scRMFh",1.000000,-,-,-,-,-,-,-,-,-,-,-
10,GNEQ,1.4e-44,17,16,8.3e-07,1.0e+00,5.0e-01,8.3e-02,2.4e-01,8.6e-05,motif-GNEQ motif-NEQ,"CATRAGEGNEQFF","TRBV19*01","TRBJ2-1","CAVITYNQGGKLIF","312:scRMFh",1.000000,-,-,-,-,-,-,-,-,-,-,-
10,GNEQ,1.4e-44,17,16,8.3e-07,1.0e+00,5.0e-01,8.3e-02,2.4e-01,8.6e-05,motif-GNEQ motif-NEQ,"CSAREGSSGNEQFF","TRBV20-1*01","TRBJ2-1","CAVPQAGTALIF","344:scRMFh",1.000000,-,-,-,-,-,-,-,-,-,-,-
10,GNEQ,1.4e-44,17,16,8.3e-07,1.0e+00,5.0e-01,8.3e-02,2.4e-01,8.6e-05,motif-GNEQ motif-NEQ,"CASRDMGNEQFF","TRBV19*01","TRBJ2-1","CAGRIVYNTDKLIF","166:scRMFh",1.000000,-,-,-,-,-,-,-,-,-,-,-
10,GNEQ,1.4e-44,17,16,8.3e-07,1.0e+00,5.0e-01,8.3e-02,2.4e-01,8.6e-05,motif-GNEQ motif-NEQ,"CASWLGGNEQFF","TRBV6-2*01","TRBJ2-1","CALSEATSYDKVIF","200:scRMFh",1.000000,-,-,-,-,-,-,-,-,-,-,-
10,GNEQ,1.4e-44,17,16,8.3e-07,1.0e+00,5.0e-01,8.3e-02,2.4e-01,8.6e-05,motif-GNEQ motif-NEQ,"CASSLHGNEQFF","TRBV27*01","TRBJ2-1","NA","559:scRMFh",1.000000,-,-,-,-,-,-,-,-,-,-,-
10,GNEQ,1.4e-44,17,16,8.3e-07,1.0e+00,5.0e-01,8.3e-02,2.4e-01,8.6e-05,motif-GNEQ motif-NEQ,"CASSSPGTGGNEQYF","TRBV6-5*01","TRBJ2-7","CVVSRSNDYKLSF","489:scRMFh",1.000000,-,-,-,-,-,-,-,-,-,-,-
10,GNEQ,1.4e-44,17,16,8.3e-07,1.0e+00,5.0e-01,8.3e-02,2.4e-01,8.6e-05,motif-GNEQ motif-NEQ,"CASSLHYSGIGNEQFF","TRBV7-7*01","TRBJ2-1","CAGGRGSARQLTF","153:scRMFh",1.000000,-,-,-,-,-,-,-,-,-,-,-
10,GNEQ,1.4e-44,17,16,8.3e-07,1.0e+00,5.0e-01,8.3e-02,2.4e-01,8.6e-05,motif-GNEQ motif-NEQ,"CASSQNPGDLGNEQFF","TRBV4-3*01","TRBJ2-1","CAVGGYSSASKIIF","298:scRMFh",5.000000,-,-,-,-,-,-,-,-,-,-,-
10,GNEQ,1.4e-44,17,16,8.3e-07,1.0e+00,5.0e-01,8.3e-02,2.4e-01,8.6e-05,motif-GNEQ motif-NEQ,"CASSQNPGDLGNEQFF","TRBV4-3*01","TRBJ2-1","NA","599:scRMFh",1.000000,-,-,-,-,-,-,-,-,-,-,-
10,GNEQ,1.4e-44,17,16,8.3e-07,1.0e+00,5.0e-01,8.3e-02,2.4e-01,8.6e-05,motif-GNEQ motif-NEQ,"CASSWDRAPGNEQFF","TRBV6-2*01","TRBJ2-1","CAVNALDMRF","324:scRMFh",1.000000,-,-,-,-,-,-,-,-,-,-,-
10,GNEQ,1.4e-44,17,16,8.3e-07,1.0e+00,5.0e-01,8.3e-02,2.4e-01,8.6e-05,motif-GNEQ motif-NEQ,"CASSAGLAMGNEQFF","TRBV5-1*01","TRBJ2-1","CAGYNAGNNRKLIW","175:scRMFh",1.000000,-,-,-,-,-,-,-,-,-,-,-
10,GNEQ,1.4e-44,17,16,8.3e-07,1.0e+00,5.0e-01,8.3e-02,2.4e-01,8.6e-05,motif-GNEQ motif-NEQ,"CATSDLASGGNEQFF","TRBV24-1*01","TRBJ2-1","NA","629:scRMFh",1.000000,-,-,-,-,-,-,-,-,-,-,-
10,GNEQ,1.4e-44,17,16,8.3e-07,1.0e+00,5.0e-01,8.3e-02,2.4e-01,8.6e-05,motif-GNEQ motif-NEQ,"CASSLGGTPGNEQFF","TRBV7-3*01","TRBJ2-1","CAGQLLEYGNKLVF","164:scRMFh",1.000000,-,-,-,-,-,-,-,-,-,-,-
10,GNEQ,1.4e-44,17,16,8.3e-07,1.0e+00,5.0e-01,8.3e-02,2.4e-01,8.6e-05,motif-GNEQ motif-NEQ,"CASSLESTGMVGNEQFF","TRBV5-5*01","TRBJ2-1","CLVGAPMFSGGYNKLIF","455:scRMFh",1.000000,-,-,-,-,-,-,-,-,-,-,-

11,SSFEGG%EQ,2.4e-09,3,3,6.2e-09,1.0e+00,1.0e-03,1.0e+00,1.0e-03,6.2e-03,global-SSFEGG%EQ,"CVSSFEGGYEQSF","TRBV5-4*01","TRBJ2-1",NA,"2079:GielisHealthy",1.000000,-,-,-,-,-,-,-,-,-,-,-
11,SSFEGG%EQ,2.4e-09,3,3,6.2e-09,1.0e+00,1.0e-03,1.0e+00,1.0e-03,6.2e-03,global-SSFEGG%EQ,"CASSFEGGHEQFF","TRBV5-4*01","TRBJ2-1",NA,"2076:GielisHealthy",1.000000,-,-,-,-,-,-,-,-,-,-,-
11,SSFEGG%EQ,2.4e-09,3,3,6.2e-09,1.0e+00,1.0e-03,1.0e+00,1.0e-03,6.2e-03,global-SSFEGG%EQ,"CASSFEGGHEQSF","TRBV5-4*01","TRBJ2-1",NA,"2075:GielisHealthy",1.000000,-,-,-,-,-,-,-,-,-,-,-

12,S%WGGLAGDTQ,1.8e-06,2,2,2.9e-08,1.0e+00,1.0e-03,1.0e+00,1.0e-03,2.9e-02,global-S%WGGLAGDTQ,"CASGWGGLAGDTQYF","TRBV7-9*01","TRBJ2-3",NA,"2099:GielisHealthy",1.000000,-,-,-,-,-,-,-,-,-,-,-
12,S%WGGLAGDTQ,1.8e-06,2,2,2.9e-08,1.0e+00,1.0e-03,1.0e+00,1.0e-03,2.9e-02,global-S%WGGLAGDTQ,"CASSWGGLAGDTQYF","TRBV7-9*01","TRBJ2-3",NA,"2023:GielisHealthy",1.000000,-,-,-,-,-,-,-,-,-,-,-

13,S%RGYTEA,1.8e-06,2,2,2.9e-08,1.0e+00,1.0e-03,1.0e+00,1.0e-03,2.9e-02,global-S%RGYTEA,"CASDRGYTEAFF","TRBV25-1*01","TRBJ1-1",NA,"2058:GielisHealthy",1.000000,-,-,-,-,-,-,-,-,-,-,-
13,S%RGYTEA,1.8e-06,2,2,2.9e-08,1.0e+00,1.0e-03,1.0e+00,1.0e-03,2.9e-02,global-S%RGYTEA,"CASNRGYTEAFF","TRBV25-1*01","TRBJ1-1",NA,"2050:GielisHealthy",1.000000,-,-,-,-,-,-,-,-,-,-,-

14,SSFHSQET%,1.8e-06,2,2,2.9e-08,1.0e+00,1.0e-03,1.0e+00,1.0e-03,2.9e-02,global-SSFHSQET%,"CASSFHSQETQYF","TRBV5-8*01","TRBJ2-5",NA,"2002:GielisHealthy",1.000000,-,-,-,-,-,-,-,-,-,-,-
14,SSFHSQET%,1.8e-06,2,2,2.9e-08,1.0e+00,1.0e-03,1.0e+00,1.0e-03,2.9e-02,global-SSFHSQET%,"CASSFHSQETHHF","TRBV5-8*01","TRBJ2-5",NA,"2088:GielisHealthy",1.000000,-,-,-,-,-,-,-,-,-,-,-

15,SSL%GNEQ,1.8e-06,2,2,2.9e-08,1.0e+00,1.0e-03,1.0e+00,1.0e-03,2.9e-02,motif-GNEQ motif-NEQ global-SSL%GNEQ,"CASSLRGNEQFF","TRBV27*01","TRBJ2-1","CAGGGVDTGRRALTF","152:scRMFh",1.000000,-,-,-,-,-,-,-,-,-,-,-
15,SSL%GNEQ,1.8e-06,2,2,2.9e-08,1.0e+00,1.0e-03,1.0e+00,1.0e-03,2.9e-02,motif-GNEQ motif-NEQ global-SSL%GNEQ,"CASSLHGNEQFF","TRBV27*01","TRBJ2-1","NA","559:scRMFh",1.000000,-,-,-,-,-,-,-,-,-,-,-

16,SNRG%TEA,1.8e-06,2,2,2.9e-08,1.0e+00,1.0e-03,1.0e+00,1.0e-03,2.9e-02,global-SNRG%TEA,"CASNRGYTEAFF","TRBV25-1*01","TRBJ1-1",NA,"2050:GielisHealthy",1.000000,-,-,-,-,-,-,-,-,-,-,-
16,SNRG%TEA,1.8e-06,2,2,2.9e-08,1.0e+00,1.0e-03,1.0e+00,1.0e-03,2.9e-02,global-SNRG%TEA,"CASNRGHTEAFF","TRBV25-1*01","TRBJ1-1",NA,"2022:GielisHealthy",1.000000,-,-,-,-,-,-,-,-,-,-,-

17,SSD%RATQETQ,1.8e-06,2,2,2.9e-08,1.0e+00,1.0e-03,1.0e+00,1.0e-03,2.9e-02,motif-QETQ global-SSD%RATQETQ,"CASSDNRATQETQYF","TRBV19*01","TRBJ2-5",NA,"2094:GielisHealthy",1.000000,-,-,-,-,-,-,-,-,-,-,-
17,SSD%RATQETQ,1.8e-06,2,2,2.9e-08,1.0e+00,1.0e-03,1.0e+00,1.0e-03,2.9e-02,motif-QETQ global-SSD%RATQETQ,"CASSDDRATQETQYF","TRBV19*01","TRBJ2-5",NA,"2013:GielisHealthy",1.000000,-,-,-,-,-,-,-,-,-,-,-

18,SSLAPGGS%EQ,1.8e-06,2,2,2.1e-06,1.0e+00,7.1e-02,1.0e+00,1.0e-03,2.9e-02,global-SSLAPGGS%EQ,"CASSLAPGGSYEQYF","TRBV5-7*01","TRBJ2-7",NA,"2047:GielisHealthy",1.000000,-,-,-,-,-,-,-,-,-,-,-
18,SSLAPGGS%EQ,1.8e-06,2,2,2.1e-06,1.0e+00,7.1e-02,1.0e+00,1.0e-03,2.9e-02,global-SSLAPGGS%EQ,"CASSLAPGGSHEQYF","TRBV5-5*01","TRBJ2-7",NA,"2068:GielisHealthy",1.000000,-,-,-,-,-,-,-,-,-,-,-

19,SSFPGQVN%PL,1.8e-06,2,2,2.9e-08,1.0e+00,1.0e-03,1.0e+00,1.0e-03,2.9e-02,global-SSFPGQVN%PL,"CASSFPGQVNSPLHF","TRBV7-9*01","TRBJ1-6",NA,"2008:GielisHealthy",1.000000,-,-,-,-,-,-,-,-,-,-,-
19,SSFPGQVN%PL,1.8e-06,2,2,2.9e-08,1.0e+00,1.0e-03,1.0e+00,1.0e-03,2.9e-02,global-SSFPGQVN%PL,"CASSFPGQVNTPLHF","TRBV7-9*01","TRBJ1-6",NA,"2098:GielisHealthy",1.000000,-,-,-,-,-,-,-,-,-,-,-

20,WSVGAGTIFY%Q,1.8e-06,2,2,2.9e-08,1.0e+00,1.0e-03,1.0e+00,1.0e-03,2.9e-02,global-WSVGAGTIFY%Q,"CAWSVGAGTIFYKQYF","TRBV30*01","TRBJ2-7",NA,"2100:GielisHealthy",1.000000,-,-,-,-,-,-,-,-,-,-,-
20,WSVGAGTIFY%Q,1.8e-06,2,2,2.9e-08,1.0e+00,1.0e-03,1.0e+00,1.0e-03,2.9e-02,global-WSVGAGTIFY%Q,"CAWSVGAGTIFYEQYF","TRBV30*01","TRBJ2-7",NA,"2015:GielisHealthy",1.000000,-,-,-,-,-,-,-,-,-,-,-

21,SSFE%GYEQ,1.8e-06,2,2,2.9e-08,1.0e+00,1.0e-03,1.0e+00,1.0e-03,2.9e-02,motif-YEQ motif-GYEQ global-SSFE%GYEQ,"CVSSFEGGYEQSF","TRBV5-4*01","TRBJ2-1",NA,"2079:GielisHealthy",1.000000,-,-,-,-,-,-,-,-,-,-,-
21,SSFE%GYEQ,1.8e-06,2,2,2.9e-08,1.0e+00,1.0e-03,1.0e+00,1.0e-03,2.9e-02,motif-YEQ motif-GYEQ global-SSFE%GYEQ,"CASSFESGYEQFF","TRBV5-4*01","TRBJ2-1",NA,"2003:GielisHealthy",1.000000,-,-,-,-,-,-,-,-,-,-,-

22,S%PYAAEQETQ,1.8e-06,2,2,2.9e-08,1.0e+00,1.0e-03,1.0e+00,1.0e-03,2.9e-02,motif-QETQ global-S%PYAAEQETQ,"CASGPYAAEQETQYF","TRBV6-5*01","TRBJ2-5",NA,"2037:GielisHealthy",1.000000,-,-,-,-,-,-,-,-,-,-,-
22,S%PYAAEQETQ,1.8e-06,2,2,2.9e-08,1.0e+00,1.0e-03,1.0e+00,1.0e-03,2.9e-02,motif-QETQ global-S%PYAAEQETQ,"CASSPYAAEQETQYF","TRBV6-5*01","TRBJ2-5",NA,"2012:GielisHealthy",1.000000,-,-,-,-,-,-,-,-,-,-,-

23,SSFGTDLA%NIQ,1.8e-06,2,2,2.9e-08,1.0e+00,1.0e-03,1.0e+00,1.0e-03,2.9e-02,global-SSFGTDLA%NIQ,"CASSFGTDLAENIQYF","TRBV7-9*01","TRBJ2-4",NA,"2081:GielisHealthy",1.000000,-,-,-,-,-,-,-,-,-,-,-
23,SSFGTDLA%NIQ,1.8e-06,2,2,2.9e-08,1.0e+00,1.0e-03,1.0e+00,1.0e-03,2.9e-02,global-SSFGTDLA%NIQ,"CASSFGTDLAKNIQYF","TRBV7-9*01","TRBJ2-4",NA,"2035:GielisHealthy",1.000000,-,-,-,-,-,-,-,-,-,-,-

201,single,1.0e+00,2,1,9.5e-07,1.0e+00,1.0e-03,1.0e+00,1.0e-03,9.5e-01,global-SSFRQGGTPL,"CASSFRQGGTPLHF","TRBV28*01","TRBJ1-6","CAVNGRRSGAGSYQLTF","330:scRMFh",1.000000,-,-,-,-,-,-,-,-,-,-,-
201,single,1.0e+00,2,1,9.5e-07,1.0e+00,1.0e-03,1.0e+00,1.0e-03,9.5e-01,global-SSFRQGGTPL,"CASSFRQGGTPLHF","TRBV28*01","TRBJ1-6","NA","535:scRMFh",1.000000,-,-,-,-,-,-,-,-,-,-,-

281,single,1.0e+00,2,1,3.8e-09,1.0e+00,1.0e-03,4.0e-03,1.0e-03,9.5e-01,global-SSLLIGNTI,"CASSLLIGNTIYF","TRBV7-9*03","TRBJ1-3","CAVDGDNNAGNMLTF","281:scRMFh",8.000000,-,-,-,-,-,-,-,-,-,-,-
281,single,1.0e+00,2,1,3.8e-09,1.0e+00,1.0e-03,4.0e-03,1.0e-03,9.5e-01,global-SSLLIGNTI,"CASSLLIGNTIYF","TRBV7-9*03","TRBJ1-3","NA","560:scRMFh",1.000000,-,-,-,-,-,-,-,-,-,-,-

